0,0
0,0
0,0
0,0
0,0
0,0
0,0
0,0
0,0
0,0
0,0
0,0
1,0
1,0
1,0
1,0
1,0
1,0
1,0
1,0
1,0
1,0
2,0
2,0
2,0
2,0
2,0
2,0
2,0
2,0
2,0
2,0
2,0
2,0
2,0
2,0
2,0
2,0
2,0
2,0
2,0
2,0
2,0
2,0
2,0
2,0
2,0
2,0
3,0
3,0
3,0
3,0
3,0
3,0
3,0
3,0
3,0
3,0
3,0
3,0
3,0
3,0
3,0
3,0
3,0
3,0
3,0
3,0
3,0
3,0
3,0
3,0
3,0
3,0
4,0
4,0
5,0
5,0
6,0
6,0
6,0
6,0
6,0
6,0
6,0
6,0
6,0
6,0
6,0
6,0
6,0
6,0
6,0
6,0
7,0
7,0
7,0
7,0
7,0
7,0
7,0
7,0
7,0
7,0
7,0
7,0
7,0
7,0
7,0
7,0
7,0
7,0
7,0
7,0
7,0
7,0
8,0
8,0
8,0
8,0
9,0
9,0
9,0
9,0
9,0
9,0
9,0
9,0
9,0
9,0
9,0
9,0
9,0
9,0
9,0
9,0
9,0
9,0
10,0
10,0
10,0
10,0
10,0
10,0
10,0
10,0
10,0
10,0
11,0
11,0
11,0
11,0
11,0
11,0
11,0
11,0
11,0
11,0
11,0
11,0
11,0
11,0
11,0
11,0
11,0
11,0
11,0
11,0
11,0
11,0
12,0
12,0
12,0
12,0
12,0
12,0
12,0
12,0
12,0
12,0
12,0
12,0
12,0
12,0
13,0
13,0
13,0
13,0
13,0
13,0
13,0
13,0
13,0
13,0
13,0
13,0
13,0
13,0
13,0
13,0
13,0
13,0
13,0
13,0
13,0
13,0
13,0
13,0
13,0
13,0
13,0
13,0
13,0
13,0
13,0
13,0
13,0
13,0
14,0
14,0
14,0
14,0
14,0
14,0
14,0
14,0
14,0
14,0
14,0
14,0
15,0
15,0
15,0
15,0
15,0
15,0
15,0
15,0
15,0
15,0
15,0
15,0
16,0
16,0
16,0
16,0
16,0
16,0
16,0
16,0
16,0
16,0
16,0
16,0
16,0
16,0
16,0
16,0
16,0
16,0
16,0
16,0
16,0
16,0
17,0
17,0
17,0
17,0
17,0
17,0
18,0
18,0
18,0
18,0
18,0
18,0
18,0
18,0
19,0
19,0
19,0
19,0
19,0
19,0
19,0
19,0
19,0
19,0
19,0
19,0
19,0
19,0
19,0
19,0
19,0
19,0
19,0
19,0
19,0
19,0
19,0
19,0
19,0
19,0
19,0
19,0
19,0
19,0
19,0
19,0
19,0
19,0
19,0
19,0
20,0
20,0
20,0
20,0
20,0
20,0
20,0
20,0
20,0
20,0
21,0
21,0
21,0
21,0
21,0
21,0
21,0
21,0
21,0
21,0
21,0
21,0
21,0
21,0
22,0
22,0
22,0
22,0
22,0
22,0
22,0
22,0
22,0
22,0
22,0
22,0
22,0
22,0
22,0
22,0
22,0
22,0
22,0
22,0
22,0
22,0
22,0
22,0
22,0
22,0
22,0
22,0
22,0
22,0
22,0
22,0
22,0
22,0
22,0
22,0
23,0
23,0
23,0
23,0
23,0
23,0
23,0
23,0
23,0
23,0
23,0
23,0
23,0
23,0
23,0
23,0
23,0
23,0
23,0
23,0
23,0
23,1
23,1
23,1
23,1
23,1
23,1
23,1
23,1
23,1
24,1
24,1
24,1
24,1
24,1
24,1
24,1
24,1
25,1
0,0
0,0
0,0
0,0
0,0
0,0
0,0
0,0
0,0
0,0
1,0
1,0
1,0
1,0
1,0
1,0
1,0
1,0
1,0
1,0
2,0
2,0
2,0
2,0
2,0
2,0
2,0
2,0
2,0
2,0
2,0
2,0
2,0
2,0
2,0
2,0
2,0
2,0
2,0
2,0
2,0
2,0
2,0
2,0
2,0
2,0
2,0
2,0
2,0
2,0
2,0
2,0
3,0
3,0
3,0
3,0
3,0
3,0
3,0
3,0
3,0
3,0
3,0
3,0
3,0
3,0
3,0
3,0
3,0
3,0
3,0
3,0
3,0
3,0
3,0
3,0
3,0
3,0
4,0
4,0
4,0
4,0
4,0
4,0
4,0
4,0
4,0
4,0
4,0
4,0
4,0
4,0
4,0
4,0
4,0
4,0
5,0
5,0
5,0
5,0
5,0
5,0
5,0
5,0
5,0
5,0
5,0
5,0
5,0
5,0
5,0
5,0
6,0
6,0
6,0
6,0
6,0
6,0
6,0
6,0
6,0
6,0
6,0
6,0
6,0
6,0
6,0
6,0
6,0
6,0
6,0
6,0
7,0
7,0
7,0
7,0
8,0
8,0
8,0
8,0
8,0
8,0
8,0
8,0
8,0
8,0
8,0
8,0
9,0
9,0
9,0
9,0
9,0
9,0
9,0
9,0
9,0
9,0
9,0
9,0
9,0
9,0
9,0
9,0
9,0
9,0
9,0
9,0
9,0
9,0
9,0
9,0
9,0
9,0
9,0
9,0
9,0
9,0
9,0
9,0
9,0
9,0
9,0
9,0
9,0
9,0
9,0
9,0
9,0
9,0
9,0
9,0
9,0
9,0
9,0
9,0
10,0
10,0
10,0
10,0
10,0
10,0
10,0
10,0
10,0
10,0
10,0
10,0
10,0
10,0
10,0
10,0
10,0
10,0
10,0
10,0
10,0
10,0
10,0
10,0
10,0
10,0
11,0
11,0
11,0
11,0
11,0
11,0
11,0
11,0
12,0
12,0
12,0
12,0
12,0
12,0
12,0
12,0
12,0
12,0
12,0
12,0
12,0
12,0
12,0
12,0
12,0
12,0
12,0
12,0
12,0
12,0
13,0
13,0
13,0
13,0
13,0
13,0
13,0
13,0
13,0
13,0
14,0
14,0
14,0
14,0
14,0
14,0
15,0
15,0
15,0
15,0
15,0
15,0
15,0
15,0
15,0
15,0
15,0
15,0
15,0
15,0
15,0
15,0
15,0
15,0
15,0
15,0
15,0
15,0
15,0
15,0
15,0
15,0
15,0
15,0
16,0
16,0
16,0
16,0
16,0
16,0
16,0
16,0
16,0
16,0
16,0
16,0
16,0
16,0
16,0
16,0
16,0
16,0
17,0
17,0
17,0
17,0
17,0
17,0
17,0
17,0
17,0
17,0
17,0
17,0
17,0
17,0
17,0
17,0
17,0
17,1
17,1
17,1
18,1
18,1
18,1
18,1
18,1
18,1
18,1
18,1
18,1
18,1
18,1
18,1
18,1
18,1
19,1
19,1
19,1
19,1
19,1
19,1
19,1
19,1
19,1
19,1
19,1
19,1
19,1
19,1
19,1
19,1
19,1
19,1
19,1
19,1
19,1
19,1
19,1
19,1
19,1
19,1
19,1
19,1
19,1
19,1
19,1
19,1
19,1
19,1
19,1
19,1
19,1
19,2
19,2
19,2
19,2
19,2
19,2
19,2
19,2
19,2
19,2
19,2
20,2
20,2
20,2
20,2
20,2
20,2
20,2
20,2
20,2
20,2
20,2
20,2
20,2
20,2
20,2
20,2
20,2
20,2
20,2
20,3
20,3
20,3
20,3
20,3
20,3
20,3
20,3
20,3
20,3
20,3
20,3
20,3
20,3
20,3
20,3
20,3
20,3
20,3
20,3
20,3
21,3
21,3
21,3
21,3
21,3
21,3
21,3
21,3
21,3
21,3
21,3
21,3
21,3
21,4
21,4
21,4
22,4
22,4
22,4
22,4
22,4
22,4
22,4
22,4
22,4
22,5
22,5
22,5
22,5
22,6
22,6
22,6
22,6
22,6
22,6
22,6
22,6
22,6
22,6
22,6
22,6
22,6
22,6
22,7
22,7
22,7
22,7
22,7
22,7
22,7
22,7
22,7
22,7
22,7
22,7
22,7
22,7
22,7
22,7
22,7
22,7
22,7
22,7
22,7
22,7
22,7
22,7
22,7
22,7
22,7
22,7
22,7
22,7
22,7
22,7
22,7
22,7
22,7
22,7
22,7
22,7
22,7
22,7
22,7
22,7
22,7
22,7
22,7
22,7
22,7
22,7
22,7
23,7
23,8
23,8
23,8
23,8
23,8
23,8
23,8
23,8
23,8
23,8
23,8
23,8
23,8
23,8
23,8
23,8
23,8
23,8
23,9
23,9
23,9
23,9
23,10
23,10
23,10
23,10
23,10
23,10
23,10
23,10
23,10
23,10
23,10
23,10
23,10
24,10
24,10
24,10
24,10
24,10
24,11
24,11
24,11
24,11
24,11
24,11
24,11
24,11
24,11
25,11
0,0
0,0
0,0
0,0
0,0
0,0
0,0
0,0
0,0
0,0
0,0
0,0
1,0
1,0
1,0
1,0
1,0
1,0
1,0
1,0
1,0
1,0
1,0
1,0
1,0
1,0
1,0
1,0
2,0
2,0
2,0
2,0
2,0
2,0
2,0
2,0
2,0
2,0
3,0
3,0
3,0
3,0
3,0
3,0
3,0
3,0
3,0
3,0
3,0
3,0
3,0
3,0
3,0
3,0
3,0
3,0
3,0
3,0
3,0
3,0
3,0
3,0
3,0
3,0
3,0
3,0
3,0
3,0
3,0
3,0
3,0
3,0
3,0
3,0
3,0
3,0
3,0
3,0
3,0
3,0
3,0
3,0
4,0
4,0
4,0
4,0
4,0
4,0
4,0
4,0
4,0
4,0
4,0
4,0
5,0
5,0
5,0
5,0
5,0
5,0
5,0
5,0
5,0
5,0
5,0
5,0
5,0
5,0
5,0
5,0
5,0
5,0
5,0
5,0
5,0
5,0
5,0
5,0
5,0
5,0
5,0
5,0
5,0
5,0
5,0
5,0
5,0
5,0
5,0
5,0
5,0
5,0
5,0
5,0
5,0
5,0
5,0
5,0
6,0
6,0
6,0
6,0
6,0
6,0
6,0
6,0
7,0
7,0
7,0
7,0
7,0
7,0
7,0
7,0
7,0
7,0
7,0
7,0
7,0
7,0
7,0
7,0
7,0
7,0
7,0
7,0
7,0
7,0
7,0
7,0
7,0
7,0
7,0
7,0
7,0
7,0
8,0
8,0
8,0
8,0
8,0
8,0
8,0
8,0
9,0
9,0
9,0
9,0
9,0
9,0
9,0
9,0
9,0
9,0
9,0
9,0
9,0
9,0
9,0
9,0
9,0
9,0
9,0
9,0
9,0
9,0
10,0
10,0
10,0
10,0
10,0
10,0
10,0
10,0
11,0
11,0
11,0
11,0
11,0
11,0
12,0
12,0
12,0
12,0
12,0
12,0
12,0
12,0
12,0
12,0
12,0
12,0
12,0
12,0
12,0
12,0
12,0
12,0
12,0
12,0
12,0
12,0
12,0
12,0
12,0
12,0
12,0
12,0
13,0
13,0
13,0
13,0
13,0
13,0
13,0
13,0
13,0
13,0
13,0
13,0
13,0
13,0
13,0
13,0
13,0
13,0
14,0
14,0
14,0
14,0
14,0
14,0
14,0
14,0
14,0
14,0
14,0
14,0
14,0
14,0
14,0
14,0
14,0
14,0
14,0
14,0
14,0
14,0
14,0
14,0
14,0
14,0
14,0
14,0
14,0
14,0
14,0
14,0
14,0
14,0
14,0
14,0
14,0
14,0
15,0
15,0
16,0
16,0
16,0
16,0
16,0
16,0
16,0
16,0
16,0
16,0
17,0
17,0
17,0
17,0
17,0
17,0
17,0
17,0
17,0
17,0
17,0
17,0
17,0
17,0
17,0
17,0
17,0
17,0
17,0
17,0
17,0
17,0
17,0
17,0
17,0
17,0
18,0
18,0
18,0
18,0
18,0
18,0
18,0
18,0
18,0
18,0
18,0
18,0
18,0
18,0
18,0
18,0
18,0
18,0
18,0
18,1
18,1
18,1
18,1
18,1
18,1
18,1
18,1
18,1
18,1
18,1
18,1
18,1
18,1
18,1
18,1
18,1
18,1
18,1
18,1
18,1
19,1
19,1
19,1
19,1
19,1
19,1
19,1
19,1
19,1
19,1
19,1
19,1
19,1
19,1
19,1
19,1
19,1
19,2
19,2
19,2
19,2
19,2
19,2
19,2
19,2
19,3
19,3
19,3
19,3
19,3
19,3
19,3
19,3
19,3
19,3
19,3
19,3
19,3
19,3
19,3
19,3
19,3
19,3
19,4
20,4
20,4
20,4
20,4
20,4
20,4
20,4
20,4
20,4
20,4
20,4
20,4
21,4
21,4
21,4
21,4
21,4
21,4
21,4
21,4
21,4
21,4
21,4
21,4
21,4
21,4
21,4
21,4
21,4
21,4
21,4
21,4
21,4
21,4
21,4
21,4
21,4
21,4
21,4
21,4
21,4
21,4
21,4
21,5
22,5
22,5
22,5
22,5
23,5
23,5
23,5
23,5
23,5
23,6
23,6
23,6
23,6
23,6
23,6
23,6
23,6
23,6
23,6
23,6
23,6
23,6
23,6
23,6
23,6
23,6
23,6
23,6
23,6
23,7
23,7
23,7
23,7
23,8
23,8
23,8
23,8
23,8
23,8
23,8
23,8
23,8
23,8
23,8
23,8
23,9
23,9
23,10
23,10
23,10
23,10
23,11
23,11
23,11
23,11
23,11
23,11
23,11
23,11
23,12
23,12
23,12
23,12
23,12
23,12
23,12
23,12
23,12
23,12
23,13
23,13
23,13
23,13
23,13
23,13
23,13
23,13
23,13
23,13
23,13
23,13
23,13
23,13
23,14
23,14
23,14
24,14
24,14
24,14
24,15
24,15
24,15
24,15
24,15
24,15
24,15
24,15
24,15
24,15
24,15
24,15
24,15
24,15
24,15
25,15
0,0
0,0
0,0
0,0
0,0
0,0
0,0
0,0
0,0
0,0
0,0
0,0
0,0
0,1
0,1
0,1
0,1
0,1
0,1
0,1
1,1
1,1
2,1
2,1
2,1
2,2
2,2
2,2
2,2
2,2
2,2
2,2
3,2
3,2
3,2
3,2
3,2
3,3
3,3
3,3
3,3
3,3
3,3
3,3
3,3
3,3
3,3
3,3
4,3
4,3
4,3
4,3
4,3
4,3
4,3
4,3
4,3
4,3
4,3
4,3
4,3
4,3
4,3
4,3
4,3
4,3
4,3
4,3
4,3
4,3
4,3
4,3
5,3
5,3
5,3
5,3
5,3
5,3
5,3
5,4
5,4
5,4
5,4
5,4
5,4
5,4
6,4
6,4
6,4
6,4
6,4
6,5
6,5
6,5
6,5
6,5
7,5
7,5
7,5
7,5
7,5
7,5
7,5
7,5
8,5
8,5
8,5
8,5
8,5
8,5
8,5
8,6
9,6
9,6
9,6
9,6
9,6
9,6
9,6
9,6
9,6
9,6
9,6
9,6
9,6
9,6
9,6
9,6
9,6
9,6
10,6
10,7
10,7
10,7
10,7
10,7
10,7
10,7
10,7
10,7
10,7
10,7
10,7
10,7
10,7
10,7
10,7
10,7
10,7
10,7
10,7
10,7
11,7
11,7
11,7
11,8
11,8
11,8
11,8
11,9
11,9
11,9
11,9
11,9
11,9
11,9
11,9
11,9
11,9
11,10
12,10
12,10
12,10
12,10
12,10
12,10
12,10
12,10
12,10
12,10
12,10
12,10
12,10
12,10
12,10
12,10
13,10
13,10
13,10
13,10
13,10
13,10
13,10
13,10
13,10
13,10
13,10
13,10
13,10
13,10
13,10
13,11
13,11
13,11
13,11
13,11
14,11
14,11
14,11
14,11
14,11
14,11
14,11
14,11
14,11
14,12
14,12
14,12
14,12
14,12
15,12
15,12
15,12
15,12
15,12
15,12
15,12
15,12
15,12
15,12
15,12
15,12
15,12
15,12
15,12
15,12
15,12
15,12
15,12
15,13
16,13
16,13
16,13
16,13
16,13
16,14
16,14
16,14
16,14
16,14
16,14
16,14
16,14
16,14
16,14
16,14
16,14
16,14
16,14
16,15
16,15
16,15
16,15
16,15
16,15
16,15
16,15
16,15
16,15
16,15
16,15
16,15
16,15
16,15
16,15
16,15
16,15
16,15
16,15
16,15
16,15
16,15
16,15
16,15
16,15
16,15
17,15
17,15
17,15
17,15
17,15
17,16
17,16
17,17
18,17
18,17
18,17
18,17
19,17
19,17
19,17
19,17
19,17
19,17
20,17
20,17
20,17
20,17
20,17
20,17
20,17
20,17
20,17
20,18
20,18
20,18
20,18
20,18
20,18
20,18
20,18
20,18
20,18
20,18
20,18
20,18
20,18
20,18
20,18
20,18
21,18
21,18
21,18
21,18
21,18
21,19
22,19
22,19
22,19
22,19
22,19
22,20
22,20
22,20
22,20
22,20
22,20
22,20
22,20
22,20
22,20
22,20
22,20
22,20
22,20
22,20
23,20
23,21
23,21
23,21
23,21
23,21
23,21
23,21
23,21
23,21
24,21
24,21
24,21
24,21
24,21
24,21
24,21
24,21
24,21
24,21
24,21
24,21
24,21
24,21
25,21
0,0
0,0
0,0
0,0
0,0
0,0
0,0
0,0
0,0
0,1
0,1
0,1
1,1
1,1
1,1
1,1
1,1
1,1
1,1
1,2
1,2
1,2
1,2
1,2
1,2
1,2
2,2
2,2
2,2
2,2
2,2
2,3
2,3
2,3
2,3
2,3
2,3
2,3
2,3
2,3
3,3
3,3
3,3
3,3
3,3
3,3
3,3
3,3
3,3
3,3
3,3
3,3
3,3
3,4
3,4
3,4
3,4
3,4
3,4
3,4
3,4
3,4
3,4
3,4
3,4
3,4
3,4
3,4
3,4
3,4
3,4
3,4
3,4
3,4
3,4
3,4
3,4
3,4
4,4
4,4
4,4
4,5
4,5
4,5
4,5
4,5
4,5
4,5
4,5
4,5
4,5
4,5
4,5
4,5
4,5
4,5
4,5
4,5
4,5
4,5
4,5
4,5
4,5
4,5
4,5
4,6
4,6
4,6
4,6
4,6
4,6
4,6
4,6
4,6
4,6
4,6
4,6
4,6
4,6
4,6
5,6
5,6
5,6
5,6
5,6
5,6
5,6
5,7
5,7
5,7
5,7
5,7
5,7
5,7
5,7
5,7
5,7
5,8
5,8
5,8
6,8
6,8
6,8
6,8
6,8
6,8
6,8
6,8
6,8
6,8
6,8
6,8
6,8
6,8
7,8
7,8
7,8
7,8
7,8
7,8
7,8
7,8
7,8
7,8
7,8
7,8
7,8
7,8
7,8
7,9
7,9
7,9
7,9
7,9
7,9
7,9
7,9
7,9
7,9
7,9
7,9
7,9
7,9
7,9
7,9
7,9
7,9
7,10
7,10
7,10
7,10
7,10
7,10
7,11
7,11
7,12
7,12
7,13
7,13
7,13
8,13
8,14
8,14
8,14
8,14
8,14
8,14
8,14
8,14
8,14
8,14
8,14
8,14
8,15
8,15
8,15
8,15
8,15
8,15
8,15
8,15
8,15
8,15
8,16
9,16
9,16
9,16
9,16
9,16
9,16
9,16
9,16
9,16
9,16
9,16
9,16
9,16
9,17
10,17
10,17
10,17
10,17
11,17
11,17
11,17
11,18
11,18
11,18
11,18
11,18
11,18
11,18
11,18
11,18
11,18
11,18
12,18
12,18
12,18
12,18
12,18
12,18
12,18
12,18
12,18
12,18
12,18
12,18
12,18
12,18
12,18
12,18
12,18
12,18
12,18
12,18
12,18
12,18
12,18
12,18
12,18
12,18
12,18
12,18
12,18
12,18
12,18
12,18
12,18
12,18
12,18
12,18
12,18
12,18
13,18
13,19
13,19
13,19
13,19
13,19
13,19
13,19
13,19
13,19
13,19
13,19
14,19
14,19
14,19
14,19
14,19
14,19
14,19
14,20
14,20
14,20
15,20
15,20
15,20
15,20
15,20
15,20
15,20
15,20
15,20
15,21
15,21
15,21
15,21
15,21
15,21
15,21
15,21
15,21
15,21
15,21
15,21
15,21
15,21
15,21
15,21
15,21
15,21
15,21
15,21
15,21
15,21
15,21
15,21
15,21
15,21
15,21
15,21
15,21
15,21
15,21
15,21
15,21
15,21
15,21
15,21
15,21
15,21
15,21
15,21
15,21
15,21
15,21
15,21
15,21
15,21
15,21
15,21
15,21
15,21
15,22
15,22
15,23
15,23
15,23
15,23
15,23
15,23
15,23
15,23
15,23
15,23
15,23
15,23
15,23
15,23
15,23
15,23
15,23
15,23
15,23
15,23
15,23
15,23
15,23
15,23
15,23
15,23
15,23
15,23
15,23
15,23
15,24
15,24
15,24
16,24
16,24
16,24
16,24
17,24
17,24
17,24
17,25
0,0
0,0
0,0
0,0
0,0
0,0
0,0
0,0
0,0
0,1
0,1
0,1
1,1
1,1
1,1
1,1
1,1
1,1
1,1
1,2
1,2
1,2
1,2
1,2
1,2
1,2
2,2
2,2
2,2
2,2
2,2
2,3
2,3
2,3
2,3
2,3
2,3
2,3
2,3
2,3
3,3
3,3
3,3
3,3
3,3
3,3
3,3
3,3
3,3
3,3
3,3
3,3
3,3
3,4
3,4
3,4
3,4
3,4
3,4
3,4
3,4
3,4
3,4
3,4
3,4
3,4
3,4
3,4
3,4
3,4
3,4
3,4
3,4
3,4
3,4
3,4
3,4
3,4
4,4
4,4
4,4
4,5
4,5
4,5
4,5
4,5
4,5
4,5
4,5
4,5
4,5
4,5
4,5
4,5
4,5
4,5
4,5
4,5
4,5
4,5
4,5
4,5
4,5
4,5
4,5
4,6
4,6
4,6
4,6
4,6
4,6
4,6
4,6
4,6
4,6
4,6
4,6
4,6
4,6
4,6
5,6
5,6
5,6
5,6
5,6
5,6
5,6
5,7
5,7
5,7
5,7
5,7
5,7
0,0
0,0
0,0
0,0
0,0
0,0
0,0
0,0
0,0
0,0
0,0
0,0
0,0
0,0
0,0
0,0
0,0
0,0
1,0
1,0
1,0
1,0
1,0
1,0
1,0
1,0
1,0
1,0
1,0
1,0
1,0
1,0
1,0
1,0
1,0
1,0
1,0
1,0
1,0
1,0
1,0
1,0
1,0
1,0
1,0
1,0
1,0
1,0
1,0
1,0
1,0
1,0
1,0
1,0
2,0
2,0
2,0
2,0
2,0
2,1
2,1
2,1
2,1
2,1
2,1
2,1
2,1
2,1
2,1
2,1
2,1
2,1
2,1
2,1
2,1
2,1
3,1
3,1
3,1
3,2
3,2
3,2
3,2
3,2
3,2
3,3
3,3
3,3
3,3
3,3
3,3
3,3
3,3
3,3
3,3
3,3
3,3
3,3
3,3
3,3
3,3
3,3
3,3
3,3
3,3
3,3
4,3
4,4
4,4
4,4
4,4
4,4
4,4
4,4
4,4
4,4
4,4
4,4
4,4
4,4
4,4
4,4
4,4
4,4
4,4
4,4
4,4
4,4
4,4
4,4
4,4
4,4
4,4
4,4
4,4
4,4
4,4
4,4
4,4
4,4
4,4
4,4
5,4
5,4
5,4
5,5
5,5
5,5
5,5
5,5
5,5
5,6
5,6
5,6
6,6
6,6
6,6
6,6
6,6
6,6
6,6
6,6
6,6
6,6
6,6
6,6
6,6
6,6
6,6
6,6
6,6
6,6
6,6
6,6
6,6
6,6
6,6
6,6
6,6
6,6
6,6
6,6
6,6
6,6
7,6
7,6
7,6
7,6
7,6
7,6
8,6
8,6
8,6
8,6
8,6
8,6
8,6
8,6
8,6
8,6
8,6
8,6
8,6
8,6
8,6
8,6
8,6
8,6
9,6
9,6
9,6
9,6
9,6
9,6
9,6
9,7
9,7
9,7
9,7
9,7
9,7
9,7
9,7
9,7
9,7
9,7
9,7
9,8
9,8
9,8
9,8
9,8
9,8
9,8
10,8
10,8
10,8
10,8
10,8
10,8
10,8
10,8
11,8
11,8
11,8
11,8
11,8
11,8
11,8
11,8
11,8
11,8
11,8
11,8
11,8
11,9
11,9
11,9
11,9
11,9
11,9
11,9
11,9
11,9
12,9
12,9
12,9
12,9
12,9
12,9
12,9
12,9
12,9
12,10
12,10
12,10
12,10
12,10
12,10
12,10
12,10
12,10
12,10
12,10
12,10
12,10
12,10
12,10
12,10
12,10
12,10
12,10
12,10
12,10
12,10
12,10
12,10
12,10
12,10
12,10
12,10
12,10
12,10
12,10
12,10
12,11
12,11
12,11
12,11
12,12
12,12
12,12
12,12
12,12
12,12
12,12
12,12
12,12
13,12
13,12
13,12
13,12
13,12
13,12
13,12
13,13
13,13
13,13
13,13
13,13
13,13
13,13
13,13
13,13
13,13
13,13
13,13
13,13
13,13
13,13
13,13
13,13
13,13
13,13
13,13
13,13
13,13
13,13
14,13
14,13
14,13
14,13
14,13
14,13
14,13
14,13
14,13
14,13
14,13
14,13
14,13
14,13
14,13
14,13
14,13
14,13
14,13
14,14
14,14
14,14
14,14
14,14
14,14
14,14
14,14
14,14
14,14
14,14
14,14
14,14
14,14
14,14
14,14
14,15
14,15
14,15
14,15
14,15
14,15
14,15
14,15
14,15
14,15
14,15
14,15
14,15
14,15
14,15
14,15
14,15
14,15
14,15
15,15
15,15
15,15
15,15
15,15
15,15
15,15
15,15
15,15
15,15
15,15
15,15
16,15
16,15
16,15
16,15
16,15
16,16
16,16
16,16
16,16
16,16
16,16
16,16
16,16
16,16
16,16
16,16
16,16
16,16
16,16
16,16
17,16
17,16
17,16
17,16
17,16
17,16
17,16
17,16
17,16
17,17
17,17
17,18
17,18
17,18
17,18
17,18
17,18
17,18
17,18
17,18
17,18
17,18
17,18
17,18
17,18
17,18
17,18
17,18
17,18
17,18
17,18
17,18
17,18
17,18
17,18
17,18
17,18
17,18
17,18
17,18
17,18
17,18
17,18
17,18
17,18
17,18
17,18
17,18
17,18
17,18
17,18
17,18
17,18
17,18
17,18
17,18
17,18
17,18
17,18
17,18
18,18
18,18
18,18
18,18
18,18
18,18
18,18
18,18
18,18
18,18
18,18
18,18
18,18
18,19
18,19
18,19
18,19
18,19
18,19
18,19
18,19
18,19
18,19
18,19
18,19
18,19
18,19
18,19
18,19
18,19
19,19
19,19
19,19
19,19
19,19
19,19
19,19
19,19
19,19
19,19
19,19
19,19
19,19
19,19
19,19
19,19
19,19
19,19
20,19
20,19
20,19
20,19
21,19
21,19
21,19
21,19
21,19
21,19
21,19
21,19
21,19
21,19
21,19
21,19
21,19
21,19
21,19
21,19
21,19
21,19
21,19
21,19
22,19
22,20
22,20
22,20
22,20
22,20
22,20
22,20
22,20
22,20
22,20
22,20
22,20
22,20
22,20
22,21
22,21
22,21
22,21
22,21
22,21
22,21
22,21
22,21
22,21
22,21
22,21
22,21
22,21
22,21
22,21
22,21
22,21
22,21
22,21
22,21
22,21
22,21
22,21
22,21
22,21
22,21
22,21
22,21
22,21
22,21
22,21
22,21
22,21
22,21
23,21
23,21
23,21
23,21
23,21
23,21
23,21
23,21
23,21
23,21
23,21
23,21
23,21
23,21
23,21
23,21
23,21
23,21
23,21
23,21
23,21
23,21
23,21
23,21
23,21
23,21
23,21
23,21
23,21
23,21
23,21
23,21
23,21
23,21
24,21
24,21
24,21
24,21
24,21
24,21
24,21
24,22
24,22
24,22
24,22
24,22
24,22
24,22
24,22
24,22
24,22
24,22
24,22
24,22
24,22
24,22
24,22
24,22
24,22
24,22
24,22
24,23
24,23
24,23
24,23
24,23
25,23
0,0
0,0
0,0
0,0
0,0
0,0
0,0
0,0
0,0
0,0
1,0
1,0
1,0
1,0
1,0
1,0
1,0
1,0
1,0
1,0
1,0
1,0
2,0
2,0
2,0
2,1
2,1
2,1
2,1
2,1
2,1
2,1
2,1
2,2
3,2
3,2
3,2
3,2
3,2
3,3
3,3
3,3
3,3
3,3
3,3
3,4
3,4
3,4
3,4
3,4
3,4
3,4
3,4
3,4
3,4
3,4
3,4
3,4
4,4
4,4
4,4
4,4
4,4
4,5
4,5
4,5
4,5
4,5
4,5
4,5
4,5
4,5
4,5
4,5
4,5
4,5
4,5
4,5
5,5
5,5
5,5
5,5
5,5
5,5
5,5
5,6
5,6
5,6
5,6
5,6
6,6
6,6
6,6
6,6
6,6
6,6
6,6
6,7
6,7
6,7
6,7
6,7
6,7
6,7
6,7
6,7
6,7
6,7
6,7
6,7
6,7
6,8
6,8
6,8
6,8
6,8
6,8
6,8
7,8
7,8
7,8
7,8
8,8
8,8
8,8
8,8
8,8
8,8
8,8
8,8
8,8
8,8
8,8
8,8
8,8
8,8
8,8
8,8
8,8
8,8
8,8
8,8
8,8
8,8
8,8
8,8
8,8
8,9
8,9
8,9
9,9
9,9
9,9
9,9
9,9
9,9
9,9
9,9
9,9
9,9
9,9
9,9
9,9
9,9
9,9
9,9
9,9
9,9
9,9
9,9
10,9
10,9
10,9
10,9
10,9
10,9
10,9
10,9
10,9
10,10
10,10
10,10
10,10
10,10
10,10
10,10
10,10
10,10
11,10
11,10
11,10
11,10
12,10
12,10
12,10
12,10
12,10
12,10
13,10
13,10
13,10
13,10
13,10
13,10
13,10
13,11
13,11
13,11
13,11
13,12
13,12
13,12
13,12
13,12
13,12
13,12
13,12
13,12
13,12
13,12
14,12
14,13
14,13
14,13
14,13
14,13
14,13
14,13
14,13
14,13
14,13
14,13
14,13
14,13
14,13
14,13
14,13
14,13
14,13
14,13
15,13
15,13
15,13
15,14
15,14
15,15
15,15
15,15
15,15
15,15
15,15
15,15
15,15
15,15
15,15
15,16
15,16
15,16
15,16
15,16
15,16
15,16
16,16
16,16
16,16
16,16
16,16
16,17
16,17
16,17
16,17
16,17
16,17
16,18
16,18
16,18
16,18
16,18
16,18
16,18
17,18
17,18
17,18
17,18
17,18
17,18
17,18
17,18
17,18
17,18
17,18
17,18
17,18
17,18
17,18
17,18
17,18
17,18
17,18
17,18
18,18
18,18
18,18
18,18
18,18
18,18
18,18
18,18
18,18
18,18
18,18
18,18
18,18
18,19
18,19
18,19
18,19
18,19
18,19
18,19
18,19
18,19
18,19
18,19
18,19
18,19
18,19
18,19
18,19
18,19
18,19
18,19
18,19
18,19
19,19
19,19
19,19
19,19
19,19
19,19
19,19
19,20
19,20
19,21
19,21
19,22
19,22
19,22
19,22
19,22
19,22
19,23
19,23
19,23
19,23
19,23
19,23
19,23
19,23
19,23
19,23
19,23
20,23
20,23
20,23
20,23
20,23
20,23
20,23
20,23
20,23
20,23
20,23
20,23
20,23
20,23
21,23
21,23
21,23
21,23
21,23
21,24
21,24
21,24
21,24
21,24
21,24
21,24
21,24
21,25
0,0
0,0
0,0
0,0
0,0
0,0
0,0
0,0
0,0
0,0
1,0
1,0
1,0
1,1
1,1
1,1
1,1
1,1
1,1
1,1
1,1
1,1
1,1
1,1
1,1
1,2
1,2
1,2
2,2
2,2
3,2
3,2
3,2
3,2
3,2
3,2
3,2
3,3
3,3
3,3
3,3
3,3
4,3
4,3
4,3
4,3
4,3
4,3
4,3
4,3
4,3
4,3
4,3
4,3
4,3
4,3
4,3
4,3
4,3
4,3
4,3
4,3
4,3
4,3
4,3
4,3
4,3
4,3
4,3
4,3
4,3
4,3
4,3
4,3
4,3
4,3
4,3
4,3
4,3
4,3
5,3
5,3
5,3
5,3
5,3
5,4
5,4
5,4
5,4
5,4
6,4
6,4
6,4
6,4
6,4
6,5
6,5
6,5
6,5
6,6
6,6
6,6
6,6
6,6
6,6
6,6
6,6
6,6
6,6
6,6
6,6
6,6
6,6
6,6
6,6
6,6
6,6
6,6
6,6
6,6
6,6
6,6
7,6
7,6
7,6
7,6
7,6
7,6
8,6
8,7
8,7
8,7
8,7
8,7
8,7
8,7
8,7
8,7
8,7
8,7
8,7
8,7
9,7
9,7
9,7
9,7
9,7
9,7
9,7
9,8
10,8
10,8
10,8
10,8
10,8
10,8
10,8
10,8
10,8
10,8
10,8
10,8
10,8
10,8
10,8
10,8
11,8
11,8
11,8
11,8
11,8
11,8
11,8
11,8
11,8
11,8
11,8
11,8
11,8
11,8
11,8
11,8
11,8
11,8
11,8
11,8
11,8
11,8
11,8
11,8
11,8
11,8
12,8
12,8
12,8
12,8
12,8
12,9
12,9
12,10
12,10
12,10
12,10
12,11
12,11
12,11
13,11
13,11
13,11
13,11
13,11
13,12
13,12
13,12
13,12
13,12
13,12
13,12
13,12
13,12
14,12
14,12
14,12
14,12
14,12
14,12
14,12
14,12
14,12
14,12
15,12
15,12
15,12
15,12
15,12
15,12
15,12
15,12
15,12
15,12
15,12
15,12
15,12
15,12
15,12
15,12
15,12
15,12
15,12
15,12
15,12
15,12
16,12
16,12
16,12
16,12
16,12
16,12
16,12
16,12
16,12
16,12
16,12
16,12
16,12
16,12
16,12
16,12
16,12
16,12
16,12
16,12
16,12
16,13
16,13
16,13
16,13
16,14
16,14
16,14
16,14
16,14
16,14
16,14
16,14
16,14
16,14
16,14
16,14
16,14
16,14
16,14
16,14
16,14
16,14
16,15
17,15
17,15
17,15
17,15
17,15
17,15
17,15
17,15
17,15
17,15
17,15
17,15
17,15
17,15
17,15
17,15
18,15
18,15
19,15
19,15
19,15
19,15
19,15
19,15
19,15
19,15
19,15
19,15
19,15
19,15
19,15
19,15
19,15
19,15
19,15
19,15
19,15
19,15
20,15
20,15
20,15
20,15
20,15
20,15
20,15
20,16
20,16
20,16
20,16
20,16
20,16
20,16
20,16
20,16
20,16
20,16
20,16
20,16
21,16
21,16
21,16
21,16
21,16
21,16
21,16
21,16
21,16
21,17
21,17
21,17
22,17
22,17
22,17
22,17
22,17
22,17
22,17
22,18
22,18
22,18
22,18
22,18
22,18
22,18
22,18
22,19
22,19
22,19
22,19
22,19
23,19
23,19
23,19
23,19
23,19
23,19
23,19
23,19
23,19
23,19
23,19
23,19
23,19
23,19
23,19
23,19
23,19
23,19
23,19
23,19
23,19
23,19
23,19
23,19
23,19
23,19
23,19
23,19
23,19
23,19
23,19
23,20
23,20
23,20
23,20
23,20
23,20
23,20
23,20
23,20
23,20
23,20
23,20
23,20
23,20
23,20
23,20
23,20
24,20
24,20
24,20
24,20
24,20
24,20
24,20
24,20
24,20
24,21
24,21
24,21
24,21
24,21
24,21
24,21
24,21
24,21
25,21
0,0
0,0
0,0
0,0
0,0
0,0
0,0
0,0
0,0
0,0
0,0
0,0
0,0
0,0
0,0
0,0
0,0
0,0
1,0
1,0
1,0
1,0
1,0
1,0
1,0
1,0
1,0
1,0
1,0
1,0
1,0
1,0
1,0
1,0
1,0
1,0
1,0
1,0
1,0
1,0
1,0
1,0
1,0
1,0
1,0
1,0
1,0
1,0
1,0
1,0
1,0
1,0
1,0
1,0
2,0
2,0
2,0
2,0
2,0
2,1
2,1
2,1
2,1
2,1
2,1
2,1
2,1
2,1
2,1
2,1
2,1
2,1
2,1
2,1
2,1
2,1
3,1
3,1
3,1
3,2
3,2
3,2
3,2
3,2
3,2
3,3
3,3
3,3
3,3
3,3
3,3
3,3
3,3
3,3
3,3
3,3
3,3
3,3
3,3
3,3
3,3
3,3
3,3
3,3
3,3
3,3
4,3
4,4
4,4
4,4
4,4
4,4
4,4
4,4
4,4
4,4
4,4
4,4
4,4
4,4
4,4
4,4
4,4
4,4
4,4
4,4
4,4
4,4
4,4
4,4
4,4
4,4
4,4
4,4
4,4
4,4
4,4
4,4
4,4
4,4
4,4
4,4
5,4
5,4
5,4
5,5
5,5
5,5
5,5
5,5
5,5
5,6
5,6
5,6
6,6
6,6
6,6
6,6
6,6
6,6
6,6
6,6
6,6
6,6
6,6
6,6
6,6
6,6
6,6
6,6
6,6
6,6
6,6
6,6
6,6
6,6
6,6
6,6
6,6
6,6
6,6
6,6
6,6
6,6
7,6
7,6
7,6
7,6
7,6
7,6
8,6
8,6
8,6
8,6
8,6
8,6
8,6
8,6
8,6
8,6
8,6
8,6
8,6
8,6
8,6
8,6
8,6
8,6
9,6
9,6
9,6
9,6
9,6
9,6
9,6
9,7
9,7
9,7
9,7
9,7
9,7
9,7
9,7
9,7
9,7
9,7
9,7
9,8
9,8
9,8
9,8
9,8
9,8
9,8
10,8
10,8
10,8
10,8
10,8
10,8
10,8
10,8
11,8
11,8
11,8
11,8
11,8
11,8
11,8
11,8
11,8
11,8
11,8
11,8
11,8
11,9
11,9
11,9
11,9
11,9
11,9
11,9
11,9
11,9
12,9
12,9
12,9
12,9
12,9
12,9
12,9
12,9
12,9
12,10
12,10
12,10
12,10
12,10
12,10
12,10
12,10
12,10
12,10
12,10
12,10
12,10
12,10
12,10
12,10
12,10
12,10
12,10
12,10
12,10
12,10
12,10
12,10
12,10
12,10
12,10
12,10
12,10
12,10
12,10
12,10
12,11
12,11
12,11
12,11
12,12
12,12
12,12
12,12
12,12
12,12
12,12
12,12
12,12
13,12
13,12
13,12
13,12
13,12
13,12
13,12
13,13
13,13
13,13
13,13
13,13
13,13
13,13
13,13
13,13
13,13
13,13
13,13
13,13
13,13
13,13
13,13
13,13
13,13
13,13
13,13
13,13
13,13
13,13
14,13
14,13
14,13
14,13
14,13
14,13
14,13
14,13
14,13
14,13
14,13
14,13
14,13
14,13
14,13
14,13
14,13
14,13
14,13
14,14
14,14
14,14
14,14
14,14
14,14
14,14
14,14
14,14
14,14
14,14
14,14
14,14
14,14
14,14
14,14
14,15
14,15
14,15
14,15
14,15
14,15
14,15
14,15
14,15
14,15
14,15
14,15
14,15
14,15
14,15
14,15
14,15
14,15
14,15
15,15
15,15
15,15
15,15
15,15
15,15
15,15
15,15
15,15
15,15
15,15
15,15
16,15
16,15
16,15
16,15
16,15
16,16
16,16
16,16
16,16
16,16
16,16
16,16
16,16
16,16
16,16
16,16
16,16
16,16
16,16
16,16
17,16
17,16
17,16
17,16
17,16
17,16
17,16
17,16
17,16
17,17
17,17
17,18
17,18
17,18
17,18
17,18
17,18
17,18
17,18
17,18
17,18
17,18
17,18
17,18
17,18
17,18
17,18
17,18
17,18
17,18
17,18
17,18
17,18
17,18
17,18
17,18
17,18
17,18
17,18
17,18
17,18
17,18
17,18
17,18
17,18
17,18
17,18
17,18
17,18
17,18
17,18
17,18
17,18
17,18
17,18
17,18
17,18
17,18
17,18
17,18
18,18
18,18
18,18
18,18
18,18
18,18
18,18
18,18
18,18
18,18
18,18
18,18
18,18
18,19
18,19
18,19
18,19
18,19
18,19
18,19
18,19
18,19
18,19
18,19
18,19
18,19
18,19
18,19
18,19
18,19
19,19
19,19
19,19
19,19
19,19
19,19
19,19
19,19
19,19
19,19
19,19
19,19
19,19
19,19
19,19
19,19
19,19
19,19
20,19
20,19
20,19
20,19
21,19
21,19
21,19
21,19
21,19
21,19
21,19
21,19
21,19
21,19
21,19
21,19
21,19
21,19
21,19
21,19
21,19
21,19
21,19
21,19
22,19
22,20
22,20
22,20
22,20
22,20
22,20
22,20
22,20
22,20
22,20
22,20
22,20
22,20
22,20
22,21
22,21
22,21
22,21
22,21
22,21
22,21
22,21
22,21
22,21
22,21
22,21
22,21
22,21
22,21
22,21
22,21
22,21
22,21
22,21
22,21
22,21
22,21
22,21
22,21
22,21
22,21
22,21
22,21
22,21
22,21
22,21
22,21
22,21
22,21
23,21
23,21
23,21
23,21
23,21
23,21
23,21
23,21
23,21
23,21
23,21
23,21
23,21
23,21
23,21
23,21
23,21
23,21
23,21
23,21
23,21
23,21
23,21
23,21
23,21
23,21
23,21
23,21
23,21
23,21
23,21
23,21
23,21
23,21
24,21
24,21
24,21
24,21
24,21
24,21
24,21
24,22
24,22
24,22
24,22
24,22
24,22
24,22
24,22
24,22
24,22
24,22
24,22
24,22
24,22
24,22
24,22
24,22
24,22
24,22
24,22
24,23
24,23
24,23
24,23
24,23
25,23
0,0
0,0
0,0
0,0
0,0
0,0
0,0
0,0
0,0
0,0
1,0
1,0
1,0
1,0
1,0
1,0
1,0
1,0
1,0
1,0
1,0
1,0
2,0
2,0
2,0
2,1
2,1
2,1
2,1
2,1
2,1
2,1
2,1
2,2
3,2
3,2
3,2
3,2
3,2
3,3
3,3
3,3
3,3
3,3
3,3
3,4
3,4
3,4
3,4
3,4
3,4
3,4
3,4
3,4
3,4
3,4
3,4
3,4
4,4
4,4
4,4
4,4
4,4
4,5
4,5
4,5
4,5
4,5
4,5
4,5
4,5
4,5
4,5
4,5
4,5
4,5
4,5
4,5
5,5
5,5
5,5
5,5
5,5
5,5
5,5
5,6
5,6
5,6
5,6
5,6
6,6
6,6
6,6
6,6
6,6
6,6
6,6
6,7
6,7
6,7
6,7
6,7
6,7
6,7
6,7
6,7
6,7
6,7
6,7
6,7
6,7
6,8
6,8
6,8
6,8
6,8
6,8
6,8
7,8
7,8
7,8
7,8
8,8
8,8
8,8
8,8
8,8
8,8
8,8
8,8
8,8
8,8
8,8
8,8
8,8
8,8
8,8
8,8
8,8
8,8
8,8
8,8
8,8
8,8
8,8
8,8
8,8
8,9
8,9
8,9
9,9
9,9
9,9
9,9
9,9
9,9
9,9
9,9
9,9
9,9
9,9
9,9
9,9
9,9
9,9
9,9
9,9
9,9
9,9
9,9
10,9
10,9
10,9
10,9
10,9
10,9
10,9
10,9
10,9
10,10
10,10
10,10
10,10
10,10
10,10
10,10
10,10
10,10
11,10
11,10
11,10
11,10
12,10
12,10
12,10
12,10
12,10
12,10
13,10
13,10
13,10
13,10
13,10
13,10
13,10
13,11
13,11
13,11
13,11
13,12
13,12
13,12
13,12
13,12
13,12
13,12
13,12
13,12
13,12
13,12
14,12
14,13
14,13
14,13
14,13
14,13
14,13
14,13
14,13
14,13
14,13
14,13
14,13
14,13
14,13
14,13
14,13
14,13
14,13
14,13
15,13
15,13
15,13
15,14
15,14
15,15
15,15
15,15
15,15
15,15
15,15
15,15
15,15
15,15
15,15
15,16
15,16
15,16
15,16
15,16
15,16
15,16
16,16
16,16
16,16
16,16
16,16
16,17
16,17
16,17
16,17
16,17
16,17
16,18
16,18
16,18
16,18
16,18
16,18
16,18
17,18
17,18
17,18
17,18
17,18
17,18
17,18
17,18
17,18
17,18
17,18
17,18
17,18
17,18
17,18
17,18
17,18
17,18
17,18
17,18
18,18
18,18
18,18
18,18
18,18
18,18
18,18
18,18
18,18
18,18
18,18
18,18
18,18
18,19
18,19
18,19
18,19
18,19
18,19
18,19
18,19
18,19
18,19
18,19
18,19
18,19
18,19
18,19
18,19
18,19
18,19
18,19
18,19
18,19
19,19
19,19
19,19
19,19
19,19
19,19
19,19
19,20
19,20
19,21
19,21
19,22
19,22
19,22
19,22
19,22
19,22
19,23
19,23
19,23
19,23
19,23
19,23
19,23
19,23
19,23
19,23
19,23
20,23
20,23
20,23
20,23
20,23
20,23
20,23
20,23
20,23
20,23
20,23
20,23
20,23
20,23
21,23
21,23
21,23
21,23
21,23
21,24
21,24
21,24
21,24
21,24
21,24
21,24
21,24
21,25
0,0
0,0
0,0
0,0
0,0
0,0
0,0
0,0
0,0
0,0
0,0
0,0
0,0
0,0
0,0
0,0
0,0
0,1
0,1
0,1
0,1
0,1
0,1
0,1
0,1
0,1
0,1
0,1
0,1
0,1
0,1
0,2
0,2
0,2
0,2
0,2
0,2
0,2
0,2
0,2
0,2
0,2
0,2
0,2
0,2
0,2
0,2
0,3
0,3
0,3
0,3
0,3
0,3
0,3
0,3
0,3
0,3
0,3
0,3
0,4
0,4
0,4
0,4
0,4
0,4
0,4
0,4
0,4
0,4
0,4
0,4
0,4
0,4
0,4
0,4
0,5
0,5
0,5
0,5
0,5
0,5
0,5
0,5
0,6
0,6
0,6
0,6
0,6
0,6
0,6
0,6
0,6
0,6
0,6
0,6
0,6
0,6
0,7
0,7
0,7
0,7
0,7
0,7
0,7
0,7
0,7
0,7
0,7
0,7
0,7
0,7
0,7
0,7
0,7
0,7
0,7
0,7
0,7
0,7
0,7
0,7
0,7
0,7
0,7
0,7
0,7
0,7
0,7
0,7
0,7
0,7
0,7
0,7
0,7
0,7
0,7
0,7
0,8
0,8
0,8
0,8
0,8
0,8
0,8
0,8
0,8
0,8
0,8
0,8
0,8
0,8
0,8
0,8
0,8
0,8
0,8
0,8
0,8
0,8
0,8
0,8
0,8
0,8
0,8
0,8
0,8
0,8
0,8
0,8
0,8
0,8
0,8
0,8
0,8
0,8
0,8
0,8
0,8
0,8
0,8
0,8
0,8
0,8
0,8
0,8
0,8
0,8
0,8
0,8
0,8
0,8
0,8
0,8
0,8
0,8
0,8
0,8
0,8
0,8
0,8
0,8
0,8
0,8
0,8
0,8
0,8
0,8
0,9
0,9
0,9
0,9
0,9
0,9
0,9
0,9
0,9
0,9
0,9
0,9
0,9
0,9
0,10
0,10
0,10
0,10
0,10
0,10
0,10
0,10
0,10
0,10
0,11
0,11
0,11
0,11
0,11
0,11
0,11
0,11
0,11
0,11
0,11
0,11
0,12
0,12
0,12
0,12
0,12
0,12
0,12
0,12
0,12
0,12
0,12
0,12
0,12
0,12
0,12
0,12
0,12
0,12
0,12
0,12
0,12
0,12
0,12
0,12
0,12
0,12
0,12
0,12
0,12
0,12
0,12
0,12
0,12
0,12
0,13
0,13
0,13
0,13
0,13
0,13
0,13
0,13
0,13
0,13
0,13
0,13
0,13
0,13
0,13
0,13
0,13
0,13
0,13
0,13
0,13
0,13
0,13
0,13
0,13
0,13
0,14
0,14
0,14
0,14
0,14
0,14
0,14
0,14
0,14
0,14
0,14
0,14
0,14
0,14
0,14
0,14
0,14
0,14
0,14
0,14
0,14
0,14
0,15
0,15
0,15
0,15
0,15
0,15
0,15
0,15
0,15
0,15
0,15
0,15
0,15
0,15
0,15
0,15
0,15
0,15
0,15
0,15
0,15
0,15
0,15
0,15
0,15
0,15
0,15
0,15
0,16
0,16
0,16
0,16
0,16
0,16
0,16
0,16
0,16
0,16
0,16
0,16
0,16
0,16
0,16
0,16
0,16
0,16
0,16
0,16
0,16
0,16
0,16
0,16
0,16
0,16
0,16
0,16
0,16
0,16
0,16
0,16
0,16
1,16
1,17
1,17
1,17
1,17
1,17
1,17
1,17
1,17
1,17
1,17
1,17
1,17
1,17
1,17
1,18
1,18
1,18
1,18
1,18
1,18
1,18
1,18
1,18
1,18
1,19
1,19
1,19
1,19
1,19
1,19
1,19
1,19
1,19
1,19
1,19
1,19
1,19
1,19
1,19
1,19
1,19
1,19
1,19
1,19
1,19
1,19
1,19
1,19
1,20
1,20
1,20
1,20
1,20
1,20
1,20
1,20
1,21
1,21
1,21
1,21
1,21
1,21
1,21
1,21
1,21
1,21
1,21
1,21
1,21
1,21
1,21
1,21
1,21
1,21
1,21
1,21
1,22
1,22
1,22
1,22
1,22
1,22
1,22
1,22
1,23
1,23
1,23
1,23
1,23
1,23
1,23
1,23
1,23
1,23
1,23
1,23
1,23
1,23
1,23
1,23
1,23
2,23
2,23
2,23
2,23
3,23
3,23
3,23
3,24
3,24
3,25
0,0
0,0
0,0
0,0
0,0
0,0
0,0
0,0
1,0
1,1
1,1
1,1
1,1
1,1
1,1
1,1
1,1
1,1
1,1
1,1
1,1
1,1
1,1
1,1
1,1
1,1
1,1
1,1
1,1
1,1
1,1
1,1
1,1
1,1
1,1
1,1
1,1
1,1
1,1
1,1
1,1
1,1
1,1
1,2
1,2
1,2
1,2
1,2
1,2
1,3
1,3
1,3
1,3
1,3
1,3
1,4
1,4
1,4
1,4
1,4
1,4
1,5
1,5
1,5
2,5
2,5
3,5
3,5
3,5
3,6
3,6
3,6
3,6
3,6
3,6
3,6
3,6
3,6
3,6
3,6
3,6
3,6
3,6
3,6
3,6
3,6
3,6
3,6
3,6
3,6
3,6
3,6
3,6
3,6
3,6
3,6
3,6
3,6
3,6
3,6
4,6
4,6
5,6
5,6
5,6
5,7
5,7
5,7
5,7
5,7
6,7
6,7
6,7
6,7
6,7
6,8
6,8
6,8
6,8
6,8
7,8
7,8
7,8
7,8
7,8
7,8
8,8
8,9
8,9
8,9
8,9
8,9
8,9
8,9
8,9
8,9
8,9
8,10
8,10
8,10
8,10
8,10
8,10
8,10
8,10
8,11
8,11
8,11
9,11
9,11
10,11
10,11
10,11
10,11
10,11
10,11
11,11
11,11
11,11
11,11
11,11
11,12
12,12
12,12
12,12
12,12
12,12
12,12
13,12
13,12
13,12
13,12
13,12
13,12
13,12
13,12
13,12
13,12
13,12
13,12
13,12
13,12
13,12
13,12
13,12
13,12
13,12
13,12
13,12
13,12
13,12
13,12
13,12
13,12
13,12
13,12
13,12
13,12
13,12
13,12
14,12
14,12
14,12
14,12
14,12
14,12
14,12
14,12
14,12
14,12
15,12
15,12
15,12
15,12
15,12
15,12
15,12
15,12
15,12
15,12
15,12
15,12
15,12
15,12
15,12
15,12
15,12
15,12
15,12
15,12
15,12
15,12
15,12
15,12
15,12
15,12
16,12
16,12
16,12
16,12
17,12
17,12
17,12
17,12
17,12
17,12
17,12
17,12
17,12
17,12
17,12
17,12
17,12
17,12
17,12
17,12
17,12
17,12
17,12
17,12
17,12
17,12
17,12
17,12
17,12
17,12
17,12
17,12
17,12
17,12
17,12
17,12
17,12
17,13
17,13
17,13
17,13
17,13
17,13
17,13
17,13
17,14
17,14
17,15
17,15
17,15
17,15
17,15
17,15
17,16
17,16
17,16
17,16
17,16
17,16
17,16
17,16
17,16
17,16
17,16
17,16
17,16
17,16
17,16
17,16
17,16
17,16
17,16
18,16
18,17
18,17
18,17
18,17
18,17
18,17
18,17
18,17
18,17
18,17
18,17
18,17
18,17
18,17
18,17
19,17
19,17
19,17
19,17
19,17
19,17
19,17
19,17
19,17
19,17
19,17
19,17
19,17
19,17
19,17
19,17
20,17
20,17
20,17
20,17
20,17
20,17
20,17
20,17
20,17
20,17
20,17
20,17
20,17
20,17
21,17
21,17
21,17
21,17
21,17
21,18
21,18
21,18
21,18
21,18
21,18
21,18
21,18
21,18
21,18
21,18
21,18
21,18
21,18
21,18
21,18
21,18
21,18
21,18
21,18
21,18
21,18
21,18
21,18
21,18
21,18
21,18
21,18
21,18
21,18
21,19
21,19
21,19
21,19
21,19
21,19
21,19
21,19
21,19
21,19
21,19
21,19
21,19
22,19
22,19
23,19
23,19
23,19
23,19
23,19
23,19
23,19
23,19
23,19
23,19
23,19
23,19
23,19
23,19
23,19
23,19
23,19
23,19
23,19
23,19
23,19
23,19
23,19
23,19
23,19
23,19
23,19
23,19
23,19
23,19
23,19
23,19
23,19
23,19
23,19
23,19
23,19
23,19
23,19
23,19
23,19
23,20
24,20
24,20
24,20
24,20
24,20
24,20
24,20
24,21
24,21
24,21
24,21
24,21
24,21
24,21
24,21
24,21
24,21
24,21
24,21
24,21
24,21
24,21
24,21
24,21
24,21
24,21
24,21
24,21
24,21
24,21
24,21
24,21
24,21
24,21
24,21
24,21
24,21
24,21
25,21
0,0
0,0
0,0
0,0
0,0
0,0
0,0
0,0
0,0
0,0
0,0
0,0
0,0
0,0
0,0
0,0
0,0
0,0
0,0
0,0
0,0
0,0
0,0
0,0
0,0
0,0
0,0
0,0
0,0
0,0
0,0
0,0
0,0
0,0
0,0
0,0
0,0
0,0
1,0
1,0
1,0
1,1
1,1
1,1
2,1
2,1
2,1
2,1
2,1
2,1
2,1
2,1
2,1
2,1
2,1
2,1
2,1
2,1
2,1
2,1
2,1
2,1
2,1
2,1
3,1
3,1
3,1
3,1
3,1
3,1
3,1
3,1
3,1
3,2
3,2
3,2
4,2
4,2
4,2
4,2
4,2
4,2
4,2
4,2
4,2
4,2
4,2
4,2
4,2
4,2
4,2
4,2
4,2
4,2
4,2
4,2
4,2
4,2
4,2
4,3
4,3
4,3
4,3
4,3
4,3
4,3
4,3
4,3
5,3
5,3
5,3
5,3
5,3
5,4
5,4
5,4
5,4
5,4
5,4
5,4
5,4
5,4
5,4
5,4
5,4
5,4
5,4
5,5
5,5
5,5
5,5
5,5
5,5
5,5
5,5
5,5
5,5
5,5
5,5
5,5
5,5
5,5
5,5
5,5
5,5
5,5
5,5
5,5
5,5
5,5
5,5
5,5
5,5
5,6
5,6
5,6
5,6
5,6
5,6
5,6
5,6
5,6
5,6
5,6
5,6
5,6
5,6
5,6
5,6
5,7
5,7
5,7
5,7
5,7
5,7
5,7
5,7
5,7
5,7
5,7
5,7
5,7
5,7
5,7
5,7
5,7
5,7
5,7
5,7
5,7
6,7
6,7
6,7
6,7
6,7
6,7
6,7
6,7
7,7
7,7
7,7
7,7
7,7
7,7
7,7
7,7
7,7
7,7
7,7
7,7
7,7
7,7
7,7
7,7
8,7
8,7
8,7
8,7
8,7
8,8
8,8
8,8
8,8
8,8
8,8
8,8
8,8
8,8
8,8
8,8
8,8
8,8
9,8
9,8
9,8
9,9
9,9
9,9
9,9
9,9
9,9
9,9
10,9
10,9
10,9
10,9
11,9
11,9
11,9
11,9
11,9
11,9
11,9
11,9
11,9
11,9
12,9
12,9
12,9
12,9
12,9
12,9
12,9
12,9
12,9
12,9
12,9
12,9
12,9
12,9
12,9
12,9
12,9
12,9
12,9
12,9
13,9
13,9
13,9
13,9
13,9
13,9
14,9
14,9
14,9
14,9
14,9
14,9
14,9
14,9
14,9
14,9
14,9
14,10
14,10
14,10
14,10
14,10
14,10
14,10
14,10
14,10
14,10
14,10
14,10
14,10
14,10
14,10
14,10
14,10
14,10
14,10
14,10
14,10
14,10
14,10
14,10
14,10
15,10
15,10
15,10
15,10
15,10
15,10
15,10
15,10
15,10
15,10
15,10
15,11
15,11
15,11
16,11
16,11
16,11
16,11
16,11
16,11
16,11
16,11
16,11
16,11
16,11
16,11
16,11
16,11
16,11
16,11
16,11
16,11
16,11
16,11
16,11
16,12
16,12
16,12
16,12
16,12
17,12
17,12
17,12
17,12
17,12
17,12
17,12
17,12
17,12
17,13
17,13
17,13
17,13
17,13
17,13
17,13
17,13
17,13
17,13
17,13
17,13
17,13
17,13
17,13
17,13
17,13
17,13
17,13
17,13
17,13
17,13
17,13
17,13
17,13
17,13
17,13
17,13
17,13
17,13
17,13
17,13
17,13
17,13
17,14
17,14
17,14
17,14
17,14
17,14
17,14
17,14
17,14
17,14
17,14
17,14
17,14
17,14
17,14
17,14
17,14
18,14
18,14
18,14
18,14
18,14
18,14
18,14
18,15
18,15
18,15
18,15
18,15
18,15
18,15
18,15
18,15
18,15
18,16
18,16
18,16
18,16
18,16
18,16
18,16
19,16
19,16
19,16
19,16
19,16
19,16
19,16
19,16
19,16
19,16
19,16
19,16
19,16
19,16
19,16
19,16
20,16
20,16
20,16
20,16
20,16
20,16
20,16
20,16
20,16
20,16
20,16
20,16
20,16
20,16
20,16
20,16
20,16
20,16
20,16
20,16
20,16
20,16
20,16
20,16
20,16
20,16
20,16
20,16
20,16
20,16
20,16
20,16
20,16
20,17
20,17
20,17
20,17
20,17
20,17
20,17
20,17
20,17
20,17
20,17
21,17
21,17
21,17
21,17
21,17
21,17
21,17
21,17
21,17
21,17
21,17
21,17
21,17
21,17
22,17
22,18
22,18
22,18
22,18
22,18
22,18
22,19
22,19
22,19
22,19
22,19
22,19
22,19
22,19
22,19
22,19
22,19
22,19
22,19
22,19
22,19
22,19
22,19
22,19
22,19
23,19
23,19
23,19
23,19
23,19
23,19
23,19
23,19
24,19
24,19
24,19
24,19
24,19
24,19
24,19
24,19
24,19
24,19
24,19
24,19
24,19
24,19
24,19
24,19
24,19
24,19
24,19
24,19
24,19
24,20
24,20
24,20
24,20
24,20
24,20
24,20
24,20
24,20
24,20
24,20
24,20
24,20
24,20
24,20
24,20
24,20
24,20
24,20
24,20
24,20
24,20
24,20
24,20
24,21
24,21
24,21
24,21
24,21
24,21
24,21
24,21
24,21
24,21
24,21
24,21
24,21
24,21
24,21
24,21
24,21
24,21
24,21
24,21
24,21
24,21
24,21
24,21
24,21
24,21
24,21
24,21
24,21
24,21
24,21
24,21
24,21
24,21
24,21
24,21
24,21
24,21
24,22
24,22
24,22
24,22
24,22
24,22
24,22
24,22
24,22
24,22
24,22
24,22
24,22
24,22
24,22
24,22
24,22
24,22
24,22
24,22
24,22
24,22
24,22
24,22
24,23
24,23
24,23
24,23
24,23
24,23
24,23
24,23
24,23
24,23
24,23
24,23
24,23
24,23
24,23
24,23
24,23
24,23
24,23
24,23
24,23
24,23
24,23
24,23
24,23
24,23
24,23
24,23
24,23
24,23
24,23
24,23
24,24
24,24
24,24
24,24
24,24
24,24
24,24
24,24
24,24
24,24
24,24
0,0
0,0
0,0
0,0
0,0
0,0
0,0
0,0
0,0
0,0
0,0
0,0
0,0
0,0
0,0
0,0
0,0
0,0
0,0
0,0
0,0
0,0
0,0
0,0
0,0
0,0
0,0
0,0
0,0
0,0
0,0
0,0
0,0
0,0
0,0
0,0
0,0
0,0
1,0
1,0
1,0
1,1
1,1
1,1
2,1
2,1
2,1
2,1
2,1
2,1
2,1
2,1
2,1
2,1
2,1
2,1
2,1
2,1
2,1
2,1
2,1
2,1
2,1
2,1
3,1
3,1
3,1
3,1
3,1
3,1
3,1
3,1
3,1
3,2
3,2
3,2
4,2
4,2
4,2
4,2
4,2
4,2
4,2
4,2
4,2
4,2
4,2
4,2
4,2
4,2
4,2
4,2
4,2
4,2
4,2
4,2
4,2
4,2
4,2
4,3
4,3
4,3
4,3
4,3
4,3
4,3
4,3
4,3
5,3
5,3
5,3
5,3
5,3
5,4
5,4
5,4
5,4
5,4
5,4
5,4
5,4
5,4
5,4
5,4
5,4
5,4
5,4
5,5
5,5
5,5
5,5
5,5
5,5
5,5
5,5
5,5
5,5
5,5
5,5
5,5
5,5
5,5
5,5
5,5
5,5
5,5
5,5
5,5
5,5
5,5
5,5
5,5
5,5
5,6
5,6
5,6
5,6
5,6
5,6
5,6
5,6
5,6
5,6
5,6
5,6
5,6
5,6
5,6
5,6
5,7
5,7
5,7
5,7
5,7
5,7
5,7
5,7
5,7
5,7
5,7
5,7
5,7
5,7
5,7
5,7
5,7
5,7
5,7
5,7
5,7
6,7
6,7
6,7
6,7
6,7
6,7
6,7
6,7
7,7
7,7
7,7
7,7
7,7
7,7
7,7
7,7
7,7
7,7
7,7
7,7
7,7
7,7
7,7
7,7
8,7
8,7
8,7
8,7
8,7
8,8
8,8
8,8
8,8
8,8
8,8
8,8
8,8
8,8
8,8
8,8
8,8
8,8
9,8
9,8
9,8
9,9
9,9
9,9
9,9
9,9
9,9
9,9
10,9
10,9
10,9
10,9
11,9
11,9
11,9
11,9
11,9
11,9
11,9
11,9
11,9
11,9
12,9
12,9
12,9
12,9
12,9
12,9
12,9
12,9
12,9
12,9
12,9
12,9
12,9
12,9
12,9
12,9
12,9
12,9
12,9
12,9
13,9
13,9
13,9
13,9
13,9
13,9
14,9
14,9
14,9
14,9
14,9
14,9
14,9
14,9
14,9
14,9
14,9
14,10
14,10
14,10
14,10
14,10
14,10
14,10
14,10
14,10
14,10
14,10
14,10
14,10
14,10
14,10
14,10
14,10
14,10
14,10
14,10
14,10
14,10
14,10
14,10
14,10
15,10
15,10
15,10
15,10
15,10
15,10
15,10
15,10
15,10
15,10
15,10
15,11
15,11
15,11
16,11
16,11
16,11
16,11
16,11
16,11
16,11
16,11
16,11
16,11
16,11
16,11
16,11
16,11
16,11
16,11
16,11
16,11
16,11
16,11
16,11
16,12
16,12
16,12
16,12
16,12
17,12
17,12
17,12
17,12
17,12
17,12
17,12
17,12
17,12
17,13
17,13
17,13
17,13
17,13
17,13
17,13
17,13
17,13
17,13
17,13
17,13
17,13
17,13
17,13
17,13
17,13
17,13
17,13
17,13
17,13
17,13
17,13
17,13
17,13
17,13
17,13
17,13
17,13
17,13
17,13
17,13
17,13
17,13
17,14
17,14
17,14
17,14
17,14
17,14
17,14
17,14
17,14
17,14
17,14
17,14
17,14
17,14
17,14
17,14
17,14
18,14
18,14
18,14
18,14
18,14
18,14
18,14
18,15
18,15
18,15
18,15
18,15
18,15
18,15
18,15
18,15
18,15
18,16
18,16
18,16
18,16
18,16
18,16
18,16
19,16
19,16
19,16
19,16
19,16
19,16
19,16
19,16
19,16
19,16
19,16
19,16
19,16
19,16
19,16
19,16
20,16
20,16
20,16
20,16
20,16
20,16
20,16
20,16
20,16
20,16
20,16
20,16
20,16
20,16
20,16
20,16
20,16
20,16
20,16
20,16
20,16
20,16
20,16
20,16
20,16
20,16
20,16
20,16
20,16
20,16
20,16
20,16
20,16
20,17
20,17
20,17
20,17
20,17
20,17
20,17
20,17
20,17
20,17
20,17
21,17
21,17
21,17
21,17
21,17
21,17
21,17
21,17
21,17
21,17
21,17
21,17
21,17
21,17
22,17
22,18
22,18
22,18
22,18
22,18
22,18
22,19
22,19
22,19
22,19
22,19
22,19
22,19
22,19
22,19
22,19
22,19
22,19
22,19
22,19
22,19
22,19
22,19
22,19
22,19
23,19
23,19
23,19
23,19
23,19
23,19
23,19
23,19
24,19
24,19
24,19
24,19
24,19
24,19
24,19
24,19
24,19
24,19
24,19
24,19
24,19
24,19
24,19
24,19
24,19
24,19
24,19
24,19
24,19
24,20
24,20
24,20
24,20
24,20
24,20
24,20
24,20
24,20
24,20
24,20
24,20
24,20
24,20
24,20
24,20
24,20
24,20
24,20
24,20
24,20
24,20
24,20
24,20
24,21
24,21
24,21
24,21
24,21
24,21
24,21
24,21
24,21
24,21
24,21
24,21
24,21
24,21
24,21
24,21
24,21
24,21
24,21
24,21
24,21
24,21
24,21
24,21
24,21
24,21
24,21
24,21
24,21
24,21
24,21
24,21
24,21
24,21
24,21
24,21
24,21
24,21
24,22
24,22
24,22
24,22
24,22
24,22
24,22
24,22
24,22
24,22
24,22
24,22
24,22
24,22
24,22
24,22
24,22
24,22
24,22
24,22
24,22
24,22
24,22
24,22
24,23
24,23
24,23
24,23
24,23
24,23
24,23
24,23
24,23
24,23
24,23
24,23
24,23
24,23
24,23
24,23
24,23
24,23
24,23
24,23
24,23
24,23
24,23
24,23
24,23
24,23
24,23
24,23
24,23
24,23
24,23
24,23
24,24
24,24
24,24
24,24
24,24
24,24
24,24
24,24
24,24
24,24
24,24
0,0
0,0
0,0
0,0
0,0
0,0
0,0
0,0
0,0
0,0
1,0
1,0
1,0
1,1
1,1
1,1
1,1
1,1
1,1
1,1
1,1
1,1
1,1
1,1
1,1
1,2
1,2
1,2
2,2
2,2
3,2
3,2
3,2
3,2
3,2
3,2
3,2
3,3
3,3
3,3
3,3
3,3
4,3
4,3
4,3
4,3
4,3
4,3
4,3
4,3
4,3
4,3
4,3
4,3
4,3
4,3
4,3
4,3
4,3
4,3
4,3
4,3
4,3
4,3
4,3
4,3
4,3
4,3
4,3
4,3
4,3
4,3
4,3
4,3
4,3
4,3
4,3
4,3
4,3
4,3
5,3
5,3
5,3
5,3
5,3
5,4
5,4
5,4
5,4
5,4
6,4
6,4
6,4
6,4
6,4
6,5
6,5
6,5
6,5
6,6
6,6
6,6
6,6
6,6
6,6
6,6
6,6
6,6
6,6
6,6
6,6
6,6
6,6
6,6
6,6
6,6
6,6
6,6
6,6
6,6
6,6
6,6
7,6
7,6
7,6
7,6
7,6
7,6
8,6
8,7
8,7
8,7
8,7
8,7
8,7
8,7
8,7
8,7
8,7
8,7
8,7
8,7
9,7
9,7
9,7
9,7
9,7
9,7
9,7
9,8
10,8
10,8
10,8
10,8
10,8
10,8
10,8
10,8
10,8
10,8
10,8
10,8
10,8
10,8
10,8
10,8
11,8
11,8
11,8
11,8
11,8
11,8
11,8
11,8
11,8
11,8
11,8
11,8
11,8
11,8
11,8
11,8
11,8
11,8
11,8
11,8
11,8
11,8
11,8
11,8
11,8
11,8
12,8
12,8
12,8
12,8
12,8
12,9
12,9
12,10
12,10
12,10
12,10
12,11
12,11
12,11
13,11
13,11
13,11
13,11
13,11
13,12
13,12
13,12
13,12
13,12
13,12
13,12
13,12
13,12
14,12
14,12
14,12
14,12
14,12
14,12
14,12
14,12
14,12
14,12
15,12
15,12
15,12
15,12
15,12
15,12
15,12
15,12
15,12
15,12
15,12
15,12
15,12
15,12
15,12
15,12
15,12
15,12
15,12
15,12
15,12
15,12
16,12
16,12
16,12
16,12
16,12
16,12
16,12
16,12
16,12
16,12
16,12
16,12
16,12
16,12
16,12
16,12
16,12
16,12
16,12
16,12
16,12
16,13
16,13
16,13
16,13
16,14
16,14
16,14
16,14
16,14
16,14
16,14
16,14
16,14
16,14
16,14
16,14
16,14
16,14
16,14
16,14
16,14
16,14
16,15
17,15
17,15
17,15
17,15
17,15
17,15
17,15
17,15
17,15
17,15
17,15
17,15
17,15
17,15
17,15
17,15
18,15
18,15
19,15
19,15
19,15
19,15
19,15
19,15
19,15
19,15
19,15
19,15
19,15
19,15
19,15
19,15
19,15
19,15
19,15
19,15
19,15
19,15
20,15
20,15
20,15
20,15
20,15
20,15
20,15
20,16
20,16
20,16
20,16
20,16
20,16
20,16
20,16
20,16
20,16
20,16
20,16
20,16
21,16
21,16
21,16
21,16
21,16
21,16
21,16
21,16
21,16
21,17
21,17
21,17
22,17
22,17
22,17
22,17
22,17
22,17
22,17
22,18
22,18
22,18
22,18
22,18
22,18
22,18
22,18
22,19
22,19
22,19
22,19
22,19
23,19
23,19
23,19
23,19
23,19
23,19
23,19
23,19
23,19
23,19
23,19
23,19
23,19
23,19
23,19
23,19
23,19
23,19
23,19
23,19
23,19
23,19
23,19
23,19
23,19
23,19
23,19
23,19
23,19
23,19
23,19
23,20
23,20
23,20
23,20
23,20
23,20
23,20
23,20
23,20
23,20
23,20
23,20
23,20
23,20
23,20
23,20
23,20
24,20
24,20
24,20
24,20
24,20
24,20
24,20
24,20
24,20
24,21
24,21
24,21
24,21
24,21
24,21
24,21
24,21
24,21
25,21
0,0
0,0
0,0
0,0
0,0
0,0
0,0
0,0
0,0
0,0
0,0
0,0
0,0
0,0
0,0
0,0
0,0
0,0
0,0
0,0
0,0
0,0
0,0
0,0
0,0
0,0
0,0
0,0
0,0
0,0
0,0
0,0
0,0
0,0
0,0
0,0
0,0
0,0
0,0
0,0
0,0
0,0
1,0
1,0
2,0
2,0
2,0
2,0
2,0
2,0
2,0
2,0
2,0
2,0
3,0
3,0
3,0
3,0
3,0
3,0
4,0
4,0
4,0
4,0
4,0
4,0
4,0
4,0
4,0
4,0
4,0
4,0
4,0
4,0
4,0
4,0
4,0
4,0
4,0
4,0
4,0
4,0
4,0
4,0
4,0
4,0
4,0
4,0
5,0
5,0
5,0
5,0
5,0
5,0
5,0
5,0
6,0
6,0
6,0
6,0
6,0
6,0
6,0
6,0
6,0
6,0
7,0
7,0
7,0
7,0
8,0
8,0
8,0
8,0
8,0
8,0
8,0
8,0
8,0
8,0
8,0
8,0
8,0
8,0
8,0
8,0
8,0
8,0
8,0
8,0
8,0
8,0
8,0
8,0
8,0
8,0
8,0
8,0
8,0
8,0
8,0
8,0
8,0
8,0
8,0
8,0
8,0
8,0
9,0
9,0
9,0
9,0
9,0
9,0
9,0
9,0
9,0
9,0
9,0
9,0
9,0
9,0
9,0
9,0
9,0
9,0
9,0
9,0
9,0
9,0
9,0
9,0
9,0
9,0
9,0
9,0
9,0
9,0
9,0
9,0
9,0
9,0
9,0
9,0
9,0
9,0
9,0
9,0
9,0
9,0
9,0
9,0
9,0
9,0
9,0
9,0
10,0
10,0
11,0
11,0
11,0
11,0
11,0
11,0
11,0
11,0
11,0
11,0
11,0
11,0
11,0
11,0
11,0
11,0
11,0
11,0
11,0
11,0
11,0
11,0
11,0
11,0
12,0
12,0
12,0
12,0
12,0
12,0
12,0
12,0
13,0
13,0
13,0
13,0
13,0
13,0
13,0
13,0
13,0
13,0
13,0
13,0
13,0
13,0
13,0
13,0
13,0
13,0
13,0
13,0
13,0
13,0
14,0
14,0
14,0
14,0
14,0
14,0
14,0
14,0
14,0
14,0
14,0
14,0
14,0
14,0
14,0
14,0
14,0
14,0
15,0
15,0
15,0
15,0
15,0
15,1
15,1
15,1
15,1
15,1
15,1
15,1
15,1
15,1
15,1
15,1
15,1
15,1
15,1
15,1
15,1
15,1
16,1
16,1
16,1
16,1
16,1
16,1
16,1
16,1
16,1
16,1
16,1
16,1
16,1
16,1
16,1
16,1
16,1
16,1
17,1
17,1
17,1
17,1
17,1
17,1
17,1
17,1
17,1
17,1
17,1
17,1
18,1
18,1
18,1
18,1
18,1
18,1
18,1
18,2
18,2
18,2
18,2
18,2
18,2
18,2
18,2
18,2
19,2
19,2
19,2
19,2
19,2
19,2
20,2
20,2
20,2
20,2
20,2
20,2
20,2
20,2
20,2
20,2
20,2
20,2
20,2
20,2
20,2
20,2
20,2
20,2
20,2
20,2
20,2
20,2
20,2
20,2
20,2
20,2
20,2
20,2
20,2
20,2
20,2
20,2
20,2
20,2
21,2
21,2
21,2
21,2
21,2
21,2
22,2
22,2
22,2
22,2
23,2
23,2
23,2
23,2
23,2
23,2
23,2
23,2
23,2
23,2
23,2
23,2
23,2
23,2
23,2
23,2
23,2
23,2
23,2
23,2
24,2
24,2
24,2
24,2
24,2
24,2
24,2
24,2
24,2
24,2
24,2
24,2
24,2
24,2
24,2
24,3
24,3
24,3
24,3
24,3
24,3
24,3
24,3
24,3
24,3
24,3
24,3
24,3
24,3
24,3
24,3
24,3
24,3
24,3
24,3
24,3
24,3
24,3
24,3
24,3
24,3
24,3
24,3
24,3
24,3
24,3
24,3
24,3
24,3
24,3
24,3
24,3
24,3
24,3
24,3
24,3
24,3
24,3
24,3
24,3
24,3
24,3
24,3
24,3
24,3
24,3
24,3
24,3
24,3
24,3
24,3
24,3
25,3
0,0
0,0
0,0
0,0
0,0
0,0
0,0
0,0
1,0
1,1
1,1
1,1
1,1
1,1
1,1
1,1
1,1
1,1
1,1
1,1
1,1
1,1
1,1
1,1
1,1
1,1
1,1
1,1
1,1
1,1
1,1
1,2
1,2
1,2
1,2
1,2
1,2
1,2
1,2
1,3
1,3
1,3
2,3
2,3
2,3
2,3
2,3
2,3
2,3
2,3
2,3
2,3
2,3
2,3
2,3
2,3
2,3
2,3
2,3
2,3
2,3
2,3
2,3
2,3
2,3
2,4
2,4
2,4
2,4
2,4
2,4
2,4
2,4
2,4
2,4
2,4
2,4
2,4
3,4
3,4
3,4
3,5
3,5
3,5
3,5
3,5
4,5
4,5
4,5
4,5
4,5
4,5
4,5
4,5
4,5
4,5
4,5
4,5
4,5
4,5
4,5
4,5
4,5
4,5
4,5
4,5
4,5
4,5
4,5
4,5
4,5
4,5
4,5
4,6
4,6
4,6
4,6
4,6
4,6
4,6
5,6
5,6
5,6
5,6
5,6
5,6
5,6
5,6
5,6
5,6
5,6
5,6
5,6
5,6
5,6
5,6
5,6
5,6
5,6
5,6
5,6
5,6
5,6
5,6
5,6
5,7
6,7
6,7
6,7
6,7
6,7
6,7
7,7
7,7
7,7
7,7
7,7
7,7
7,7
7,7
7,7
7,7
7,7
7,7
7,7
7,7
7,7
7,7
8,7
8,7
8,7
8,7
8,7
8,8
8,8
8,8
9,8
9,8
9,8
9,8
9,8
9,8
9,8
9,8
9,8
9,8
9,8
9,8
9,8
9,8
9,8
9,8
9,8
9,9
9,9
9,9
9,9
9,9
9,9
9,9
9,9
9,9
10,9
10,9
10,9
10,9
10,9
10,9
10,9
10,9
10,9
10,9
10,9
10,9
11,9
11,9
11,9
11,9
11,9
11,9
11,9
11,9
11,9
11,9
11,9
11,9
11,9
11,9
11,9
11,10
11,10
11,10
11,10
11,10
11,10
11,10
11,10
11,10
11,10
11,10
11,10
11,10
11,10
11,10
11,10
11,10
11,10
11,11
11,11
11,11
11,11
11,11
12,11
12,11
12,11
12,11
12,11
12,11
12,11
12,11
12,11
12,11
12,11
12,12
12,12
12,12
12,12
12,12
13,12
13,12
13,12
13,12
13,12
13,12
13,12
13,12
13,12
13,12
13,12
13,12
13,12
13,12
13,12
13,12
13,12
13,12
13,12
13,12
14,12
14,12
14,12
14,12
14,12
14,12
14,12
14,12
14,12
14,12
15,12
15,12
15,12
15,13
15,13
15,13
15,13
15,14
15,14
15,14
15,14
15,14
15,14
15,14
15,14
15,14
15,14
15,14
15,14
15,14
15,14
15,14
15,14
15,14
15,14
15,14
15,14
15,15
16,15
16,15
16,15
16,15
16,15
16,15
16,15
16,15
16,15
16,15
16,15
16,15
16,15
16,15
16,15
16,15
16,15
16,15
16,15
16,15
16,15
16,15
17,15
17,15
17,15
17,15
17,15
17,15
17,15
17,15
17,15
17,16
17,16
17,16
17,16
17,16
17,16
17,16
17,16
17,16
17,16
17,16
17,16
17,16
17,16
17,16
17,16
17,16
17,16
17,16
17,16
17,16
17,16
17,16
17,16
17,16
17,16
17,16
17,16
17,16
17,16
17,16
17,16
17,16
17,16
17,16
17,16
17,16
17,16
17,16
17,16
17,16
17,16
17,16
17,16
17,16
17,16
17,16
17,16
17,16
17,16
17,16
17,16
17,16
17,16
17,16
18,16
18,16
18,16
18,16
18,16
18,16
18,16
18,16
18,16
18,16
18,16
18,16
18,16
18,17
18,17
18,17
19,17
19,17
19,17
19,18
19,18
19,18
19,18
19,18
19,18
19,18
19,18
19,18
19,18
19,18
19,18
19,18
19,18
19,18
19,18
19,18
19,18
19,18
19,18
19,18
19,18
19,18
19,18
19,19
19,19
19,19
19,19
19,19
19,19
19,19
19,19
19,19
19,19
19,19
19,19
19,19
19,19
19,19
20,19
20,19
20,19
20,19
20,19
20,19
20,19
20,19
20,19
20,19
21,19
21,19
21,19
21,19
21,19
21,19
21,19
21,20
21,20
21,20
21,20
21,20
21,20
21,20
21,20
21,20
21,20
21,20
21,20
21,20
21,20
21,20
21,20
21,20
21,20
21,20
21,20
21,20
21,20
21,20
22,20
22,20
22,20
22,20
22,20
22,20
22,20
22,20
22,20
22,20
22,20
22,20
22,20
22,20
22,20
22,20
22,20
22,20
22,20
22,20
22,20
22,20
22,20
22,20
22,20
22,20
22,20
22,20
22,20
22,20
22,20
22,21
22,21
22,21
22,21
22,21
22,21
22,21
22,21
22,21
23,21
23,21
23,21
23,21
23,21
23,21
23,21
23,22
23,22
23,22
23,22
23,22
23,22
23,22
23,22
23,22
23,22
23,22
23,22
23,22
24,22
24,22
24,22
24,22
24,22
24,23
24,23
24,23
24,23
24,23
24,23
24,23
24,23
24,23
24,23
24,24
24,24
24,24
24,24
24,24
24,24
24,24
24,24
24,24
24,24
24,24
24,24
24,24
24,24
24,24
24,24
24,24
24,24
24,24
24,24
24,24
24,24
24,24
24,24
24,24
24,24
24,24
24,24
24,24
24,24
24,24
24,24
24,24
25,24
0,0
0,0
0,0
0,0
0,0
0,0
0,0
0,0
1,0
1,1
1,1
1,1
1,1
1,1
1,1
1,1
1,1
1,1
1,1
1,1
1,1
1,1
1,1
1,1
1,1
1,1
1,1
1,1
1,1
1,1
1,1
1,1
1,1
1,1
1,1
1,1
2,1
2,1
2,1
2,2
2,2
2,2
3,2
3,2
3,2
3,2
3,2
3,2
3,2
3,2
3,2
3,2
3,2
3,2
3,2
3,2
3,2
3,2
3,2
3,2
3,2
3,3
3,3
3,3
3,3
3,3
3,3
3,3
4,3
4,3
4,3
4,3
4,3
4,3
4,3
4,3
4,3
4,3
4,3
4,3
4,3
4,3
4,3
4,3
4,3
4,3
4,3
4,3
4,3
4,3
4,3
4,3
4,3
4,3
5,3
5,3
5,3
5,3
5,3
5,3
5,3
5,3
5,3
5,3
5,3
5,3
5,3
5,3
5,3
5,3
5,3
5,3
5,3
5,3
5,3
5,3
5,3
5,3
5,3
5,3
5,3
5,3
5,3
5,3
5,3
5,3
5,3
5,3
5,3
5,3
5,3
5,3
5,3
5,3
5,3
5,3
5,3
5,3
5,3
5,4
5,4
5,4
5,4
5,4
5,4
5,4
5,4
5,4
5,4
5,4
5,4
5,4
5,4
5,4
5,4
5,4
5,4
5,4
5,4
5,5
6,5
6,5
6,5
6,5
6,5
6,5
6,5
6,5
6,5
6,5
6,5
6,5
6,5
6,6
6,6
6,6
7,6
7,6
8,6
8,7
9,7
9,7
9,7
9,7
9,7
9,7
9,7
9,7
9,7
9,7
9,7
9,7
9,7
9,8
9,8
9,8
9,8
9,8
9,8
9,8
9,8
9,8
9,8
9,8
9,8
9,8
10,8
10,8
10,8
10,8
10,8
10,8
10,8
10,8
10,8
10,8
10,8
10,8
10,8
10,8
10,8
10,8
10,8
10,8
10,8
10,8
10,8
10,8
10,8
10,8
10,8
10,8
10,8
10,8
10,8
10,8
10,8
10,8
10,8
10,8
10,8
10,8
10,8
10,8
11,8
11,8
11,8
11,9
11,9
11,9
11,9
11,9
11,9
11,9
11,9
11,9
12,9
12,9
12,9
12,9
12,9
12,9
12,9
12,9
12,9
12,9
13,9
13,9
13,9
13,9
13,9
13,9
13,9
13,9
13,9
13,9
13,9
13,10
13,10
13,10
13,10
13,10
13,10
13,10
13,10
13,10
13,10
13,10
13,10
13,10
13,10
13,10
13,10
13,10
13,10
13,10
13,10
13,11
13,11
13,11
13,11
13,11
14,11
14,11
14,11
14,11
14,11
14,11
14,11
14,11
14,11
14,11
14,11
14,11
14,11
14,11
14,11
14,12
14,12
14,12
14,12
14,12
14,12
14,12
14,12
14,12
14,12
14,13
14,13
14,13
15,13
15,13
15,13
15,14
15,14
15,14
15,14
15,14
15,14
15,14
15,14
15,15
15,15
15,15
15,15
15,15
15,15
15,15
15,15
15,15
15,15
15,15
15,15
15,15
15,15
15,15
15,15
15,16
15,16
15,16
15,16
15,16
15,16
15,17
15,17
15,17
15,17
15,17
15,17
15,17
15,17
15,17
15,17
15,17
15,17
15,17
15,17
15,17
15,17
15,17
15,17
15,17
15,17
15,17
15,17
15,18
15,18
15,18
15,18
15,18
15,18
15,18
15,18
15,18
16,18
16,18
16,18
16,18
16,18
16,18
16,18
16,18
16,18
16,18
16,18
16,18
16,18
16,18
16,18
16,18
16,18
16,18
16,18
16,18
16,18
16,18
17,18
17,19
17,19
17,19
17,19
17,19
17,19
17,19
17,19
17,19
17,19
17,20
17,20
17,20
17,20
17,20
17,20
17,20
17,20
17,20
17,20
17,20
17,20
17,20
17,20
17,21
17,21
17,21
17,21
17,21
17,21
17,21
17,21
17,21
18,21
18,21
18,21
18,21
18,21
18,21
18,21
18,22
18,22
18,22
19,22
19,22
19,22
19,22
19,22
19,22
19,22
19,22
19,22
19,22
19,22
19,23
19,23
19,23
20,23
20,23
20,23
20,23
20,23
20,23
20,23
20,23
20,23
20,23
20,23
20,23
20,23
20,23
20,23
20,23
20,23
20,23
20,23
20,23
20,23
20,23
20,23
20,23
21,23
21,23
21,23
21,23
21,23
21,23
21,23
21,23
21,23
21,23
21,23
21,23
21,23
21,23
21,23
21,24
21,24
21,24
21,24
21,24
21,24
21,24
21,24
21,24
21,24
21,24
21,24
21,24
21,24
21,24
21,24
21,24
21,24
21,24
21,24
21,24
21,24
21,24
21,24
21,25
0,0
0,0
0,0
0,0
0,0
0,0
0,0
0,0
0,0
0,0
0,0
0,0
0,0
0,0
0,0
0,0
0,0
0,0
0,0
0,0
0,0
0,0
0,0
0,0
0,0
0,0
0,0
0,0
0,0
0,0
0,0
0,0
0,0
0,0
0,0
0,0
0,0
0,0
0,0
0,0
0,0
0,0
0,0
0,0
0,0
0,0
0,0
0,0
0,0
0,0
0,0
0,0
0,0
0,0
0,0
0,0
0,0
0,0
0,0
0,0
0,0
0,0
0,0
0,0
0,0
0,0
0,0
0,0
0,0
0,0
0,0
0,0
0,0
0,0
0,0
0,0
0,0
0,0
0,0
0,0
0,0
0,0
0,0
0,0
0,0
0,0
0,0
0,0
0,0
0,0
0,0
0,0
0,0
0,0
0,0
0,0
0,0
0,0
0,0
0,0
0,0
0,0
0,0
0,0
0,0
0,0
0,0
0,0
0,0
0,0
0,0
0,0
0,0
0,0
0,0
0,0
0,0
0,0
0,0
0,0
0,0
0,0
0,0
0,0
0,0
0,0
0,0
0,0
0,0
0,0
0,0
0,0
0,0
0,0
0,0
0,0
0,0
0,0
0,0
0,0
0,0
0,0
0,0
0,0
0,0
0,0
0,0
0,0
0,0
0,0
0,0
0,0
0,0
0,0
0,0
0,0
0,0
0,0
0,0
0,0
0,0
0,0
0,0
0,0
0,0
0,0
0,0
0,0
0,0
0,0
0,0
0,0
0,0
0,0
0,0
0,0
0,0
0,0
0,0
0,0
0,0
0,0
0,0
0,0
0,0
0,0
0,0
0,0
0,0
0,0
0,0
0,0
0,0
0,0
0,0
0,0
0,0
0,0
0,0
0,0
0,0
0,0
0,0
0,0
0,0
0,0
0,0
0,0
0,0
0,0
0,0
0,0
0,0
0,0
0,0
0,0
0,0
0,0
0,0
0,0
0,0
0,0
0,0
0,0
0,0
0,0
0,0
0,0
0,0
0,0
0,0
0,0
0,0
0,0
0,0
0,0
0,0
0,0
0,0
0,0
0,0
0,0
0,0
0,0
0,0
0,0
0,0
0,0
0,0
0,0
0,0
0,0
1,0
1,0
1,0
1,0
1,0
1,0
1,0
1,0
1,0
1,0
1,0
1,0
1,0
1,0
1,0
1,0
1,0
1,0
1,0
1,0
1,0
1,0
1,0
1,0
1,0
1,0
1,0
1,0
1,0
1,0
1,0
1,0
1,0
1,0
1,0
1,0
1,0
1,0
1,0
1,0
1,0
1,0
1,0
1,0
1,0
1,1
1,1
1,1
1,1
1,1
1,1
1,1
1,1
1,1
1,1
1,1
1,1
1,1
2,1
2,1
2,1
2,1
2,1
2,1
2,1
2,1
2,1
2,1
2,1
2,1
2,1
2,1
2,1
2,1
2,1
2,1
2,1
2,1
2,1
2,1
2,1
2,1
2,1
2,1
2,1
2,1
2,1
2,1
2,1
2,1
2,1
2,1
2,1
2,1
2,1
2,1
2,1
2,1
2,1
2,1
2,1
2,1
2,1
2,1
2,1
2,1
2,1
2,1
2,1
2,1
2,1
2,1
2,1
2,1
2,1
2,1
2,1
2,1
2,1
2,1
2,1
2,1
2,1
2,1
2,1
2,1
2,1
2,1
2,1
2,1
2,1
2,1
2,1
2,1
2,1
2,1
2,1
2,1
2,1
2,1
2,1
2,1
2,1
2,1
2,1
2,1
2,1
2,1
2,1
2,1
2,1
2,1
2,1
2,1
2,1
2,1
2,1
2,1
2,1
2,1
2,1
2,1
2,1
2,1
2,1
2,2
2,2
2,2
2,2
2,2
2,2
2,2
2,2
2,3
2,3
2,3
2,3
2,4
2,4
2,4
2,4
2,4
2,4
2,4
2,4
2,4
2,4
2,4
3,4
3,4
3,4
3,4
3,4
3,4
3,4
3,4
3,4
3,5
3,5
3,6
3,6
3,6
3,6
3,6
3,6
3,6
3,6
3,7
3,7
3,7
3,7
3,7
3,7
3,8
3,8
3,8
3,8
3,8
3,8
3,8
3,8
3,8
3,8
3,8
4,8
4,8
4,8
4,8
4,8
4,8
4,8
4,8
4,8
4,8
4,8
4,9
4,9
4,9
4,9
4,9
4,9
4,9
4,9
4,9
4,9
4,9
4,9
4,9
4,9
4,9
4,9
4,9
4,9
4,9
4,9
4,9
4,9
4,9
4,9
4,10
4,10
4,10
4,10
4,10
4,10
4,10
4,10
4,10
4,10
4,10
4,10
4,10
4,10
4,10
5,10
5,10
6,10
6,10
6,10
6,10
6,10
6,10
6,10
6,10
6,10
6,10
6,10
6,10
6,10
6,10
6,10
6,10
6,10
6,10
6,10
6,10
6,10
6,10
6,10
6,10
6,10
6,10
6,10
6,10
6,10
6,10
7,10
7,10
8,10
8,10
8,10
8,10
8,10
8,10
8,10
8,11
8,11
8,11
8,11
8,11
8,11
8,11
8,11
8,11
8,11
8,11
8,11
8,11
8,11
8,11
8,11
8,12
8,12
8,12
8,12
8,12
8,12
8,12
8,12
8,12
8,12
8,12
8,12
8,12
8,12
8,12
8,12
8,12
8,12
8,12
8,12
8,12
8,12
8,12
8,12
8,12
8,12
8,12
8,12
8,12
8,12
8,12
8,12
8,12
8,12
8,12
8,12
8,12
8,12
8,12
8,12
8,12
8,12
8,12
8,12
8,12
8,12
8,12
8,12
8,13
8,13
8,13
8,13
8,13
8,13
8,13
8,13
8,13
8,13
8,13
8,13
8,13
8,13
8,13
8,13
8,13
8,13
8,13
8,13
8,13
8,13
8,13
8,13
8,13
8,13
8,13
8,13
8,13
8,13
8,13
8,13
8,13
8,13
8,13
9,13
9,13
9,13
9,13
10,13
10,13
10,13
10,13
10,13
10,13
10,13
10,13
10,13
10,13
10,13
10,14
11,14
11,14
11,14
11,15
11,15
11,15
11,15
11,15
11,15
11,15
11,15
11,16
12,16
12,16
12,16
12,16
12,16
12,16
0,0
0,0
0,0
0,0
0,0
0,0
0,0
0,0
0,0
0,0
0,0
0,0
0,0
0,0
0,0
0,0
0,0
0,0
0,0
0,0
0,0
0,0
0,0
0,0
0,0
0,0
0,0
0,0
0,0
0,0
0,0
0,0
0,0
0,0
0,0
0,0
0,0
0,0
0,0
0,0
0,0
0,0
0,0
0,0
0,0
0,0
0,0
0,0
0,0
0,0
0,0
0,0
0,0
0,0
0,0
0,0
0,0
0,0
0,0
0,0
0,0
0,0
0,0
0,0
0,0
0,0
0,0
0,0
0,0
0,0
0,0
0,0
0,0
0,0
0,0
0,0
0,0
0,0
0,0
0,0
0,0
0,0
0,0
0,0
0,0
0,0
0,0
0,0
0,0
0,0
0,0
0,0
0,0
0,0
0,0
0,0
0,0
0,0
0,0
0,0
0,0
0,0
0,0
0,0
0,0
0,0
0,0
0,0
0,0
0,0
0,0
0,0
0,0
0,0
0,0
0,0
0,0
0,0
0,0
0,0
0,0
0,0
0,0
0,0
0,0
0,0
0,0
0,0
0,0
0,0
0,0
0,0
0,0
0,0
0,0
0,0
0,0
0,0
0,0
0,0
0,0
0,0
0,0
0,0
0,0
0,0
0,0
0,0
0,0
0,0
0,0
0,0
0,0
0,0
0,0
0,0
0,0
0,0
0,0
0,0
0,0
0,0
0,0
0,0
0,0
0,0
0,0
0,0
0,0
0,0
0,0
0,0
0,0
0,0
0,0
0,0
0,0
0,0
0,0
0,0
0,0
0,0
0,0
0,0
0,0
0,0
0,0
0,0
0,0
0,0
0,0
0,0
0,0
0,0
0,0
0,0
0,0
0,0
0,0
0,0
0,0
0,0
0,0
0,0
0,0
0,0
0,0
0,0
0,0
0,0
0,0
0,0
0,0
0,0
0,0
0,0
0,0
0,0
0,0
0,0
0,0
0,0
0,0
0,0
0,0
0,0
0,0
0,0
0,0
0,0
0,0
0,0
0,0
0,0
0,0
0,0
0,0
0,0
0,0
0,0
0,0
0,0
0,0
0,0
0,0
0,0
0,0
0,0
0,0
0,0
0,0
0,0
1,0
1,0
1,0
1,0
1,0
1,0
1,0
1,0
1,0
1,0
1,0
1,0
1,0
1,0
1,0
1,0
1,0
1,0
1,0
1,0
1,0
1,0
1,0
1,0
1,0
1,0
1,0
1,0
1,0
1,0
1,0
1,0
1,0
1,0
1,0
1,0
1,0
1,0
1,0
1,0
1,0
1,0
1,0
1,0
1,0
1,1
1,1
1,1
1,1
1,1
1,1
1,1
1,1
1,1
1,1
1,1
1,1
1,1
2,1
2,1
2,1
2,1
2,1
2,1
2,1
2,1
2,1
2,1
2,1
2,1
2,1
2,1
2,1
2,1
2,1
2,1
2,1
2,1
2,1
2,1
2,1
2,1
2,1
2,1
2,1
2,1
2,1
2,1
2,1
2,1
2,1
2,1
2,1
2,1
2,1
2,1
2,1
2,1
2,1
2,1
2,1
2,1
2,1
2,1
2,1
2,1
2,1
2,1
2,1
2,1
2,1
2,1
2,1
2,1
2,1
2,1
2,1
2,1
2,1
2,1
2,1
2,1
2,1
2,1
2,1
2,1
2,1
2,1
2,1
2,1
2,1
2,1
2,1
2,1
2,1
2,1
2,1
2,1
2,1
2,1
2,1
2,1
2,1
2,1
2,1
2,1
2,1
2,1
2,1
2,1
2,1
2,1
2,1
2,1
2,1
2,1
2,1
2,1
2,1
2,1
2,1
2,1
2,1
2,1
2,1
2,2
2,2
2,2
2,2
2,2
2,2
2,2
2,2
2,3
2,3
2,3
2,3
2,4
2,4
2,4
2,4
2,4
2,4
2,4
2,4
2,4
2,4
2,4
3,4
3,4
3,4
3,4
3,4
3,4
3,4
3,4
3,4
3,5
3,5
3,6
3,6
3,6
3,6
3,6
3,6
3,6
3,6
3,7
3,7
3,7
3,7
3,7
3,7
3,8
3,8
3,8
3,8
3,8
3,8
3,8
3,8
3,8
3,8
3,8
4,8
4,8
4,8
4,8
4,8
4,8
4,8
4,8
4,8
4,8
4,8
4,9
4,9
4,9
4,9
4,9
4,9
4,9
4,9
4,9
4,9
4,9
4,9
4,9
4,9
4,9
4,9
4,9
4,9
4,9
4,9
4,9
4,9
4,9
4,9
4,10
4,10
4,10
4,10
4,10
4,10
4,10
4,10
4,10
4,10
4,10
4,10
4,10
4,10
4,10
5,10
5,10
6,10
6,10
6,10
6,10
6,10
6,10
6,10
6,10
6,10
6,10
6,10
6,10
6,10
6,10
6,10
6,10
6,10
6,10
6,10
6,10
6,10
6,10
6,10
6,10
6,10
6,10
6,10
6,10
6,10
6,10
7,10
7,10
8,10
8,10
8,10
8,10
8,10
8,10
8,10
8,11
8,11
8,11
8,11
8,11
8,11
8,11
8,11
8,11
8,11
8,11
8,11
8,11
8,11
8,11
8,11
8,12
8,12
8,12
8,12
8,12
8,12
8,12
8,12
8,12
8,12
8,12
8,12
8,12
8,12
8,12
8,12
8,12
8,12
8,12
8,12
8,12
8,12
8,12
8,12
8,12
8,12
8,12
8,12
8,12
8,12
8,12
8,12
8,12
8,12
8,12
8,12
8,12
8,12
8,12
8,12
8,12
8,12
8,12
8,12
8,12
8,12
8,12
8,12
8,13
8,13
8,13
8,13
8,13
8,13
8,13
8,13
8,13
8,13
8,13
8,13
8,13
8,13
8,13
8,13
8,13
8,13
8,13
8,13
8,13
8,13
8,13
8,13
8,13
8,13
8,13
8,13
8,13
8,13
8,13
8,13
8,13
8,13
8,13
9,13
9,13
9,13
9,13
10,13
10,13
10,13
10,13
10,13
10,13
10,13
10,13
10,13
10,13
10,13
10,14
11,14
11,14
11,14
11,15
11,15
11,15
11,15
11,15
11,15
11,15
11,15
11,16
12,16
12,16
12,16
12,16
12,16
12,16
